Workbook

Sheet Datos Originales
A1: Fecha de venta | B1: Ciudad | C1: Producto | D1: Precio unitario | E1: Cantidad | F1: Monto total | G1: Cliente | H1: Email | I1: ID de orden
A2: Oct 03, 2024 | B2: Monterrey | C2: Auriculares-Con cable-32GB | D2: 439.01 | E2: 5 | F2: 2195.05 | G2: Sandra B√°ez | H2: maria-teresamanzanares@jaquez.com | I2: d7c9e19e-1228-4326-8b2a-cde42e222a67
A3: 10/15/2024 | B3: Bogotá | C3: Auriculares-Bluetooth-8GB | D3: 1090.69 | E3: 1 | F3: 1090.69 | G3: Mariano Leticia Palomino | H3: brunoflorez@hotmail.com | I3: c1103728-e36d-48da-ba95-42c7fc1ccca5
A4: 27/10/2024 | B4: Bogotá | C4: Laptop-Gaming-32GB | D4: 1174.54 | E4: 2 | F4: 2349.08 | G4: Gregorio Gayt√°n | H4: maytezedillo@grupo.com | I4: 1fd52e4f-ce34-4747-8dc7-fa4b9fe57dc4
A5: Nov 02, 2024 | B5: Medellín | C5: Tablet-Pro-8GB | D5: 1291.38 | E5: 4 | F5: 5165.52 | G5: Alejandra Araceli Guti√©rrez | H5: jtovar@trujillo-orellana.com | I5: 0ada26be-f753-405b-a1a4-3599df81e700
A6: 28/11/2024 | B6: Medellín | C6: Teléfono-Gama alta-4GB | D6: 1450.89 | E6: 1 | F6: 1450.89 | G6: Miguel √Ångel Mondrag√≥n Benav√≠dez | H6: bmontanez@yahoo.com | I6: 9300cdf6-1250-4659-917a-93641a266da5
A7: 11/05/2024 | B7: Cali | C7: Teléfono-Gama alta-8GB | D7: 670.67 | E7: 4 | F7: 2682.68 | G7: Gabino Conchita Bueno | H7: wvega@yahoo.com | I7: c46fe29a-c3e5-4c00-b9ea-94b719c84734
A8: Dec 01, 2024 | B8: Guadalajara | C8: Tablet-Mini-4GB | D8: 1114.1 | E8: 3 | F8: 3342.3 | G8: Karla Pineda Arriaga | H8: acabrera@yahoo.com | I8: 35bff7d1-834a-47b1-8627-e9ce0847bae9
A9: 12/10/2024 | B9: Ciudad de M√©xico | C9: Tablet-Pro-8GB | D9: 1001.63 | E9: 3 | F9: 3004.89 | G9: Dr. Rolando Mares | H9: mercadohilda@gmail.com | I9: 5199a25e-ee56-4e1f-9c71-21f24998e8fc
A10: 15/12/2024 | B10: Cali | C10: Laptop-Ultraliviana-16GB | D10: 181.56 | E10: 4 | F10: 726.24 | G10: Virginia Mondrag√≥n | H10: josefina68@proyectos.com | I10: e58774cc-8183-4c21-b23d-1089685c61dd
A11: 23/12/2024 | B11: GUADALAJARA | C11: Tablet-Mini-4GB | D11: 964.35 | E11: 5 | F11: 4821.75 | G11: Luis Manuel Aldonza Contreras | H11: castilloteodoro@yahoo.com | I11: 4e85609f-8a23-4d99-a616-2f83279d0dc0
A12: Oct 09, 2024 | B12: Bogotá | C12: Auriculares-Bluetooth-16GB | D12: 120.46 | E12: 1 | F12: 120.46 | G12: Indira Guadalupe Montez Alcaraz | H12: brivera@club.com | I12: a076e80e-95f4-4b8d-8e0e-af032fd3e7e3
A13: 11/25/2024 | B13: Medellín | C13: Auriculares-Con cable-16GB | D13: 1061.61 | E13: 1 | F13: 1061.61 | G13: Lic. Luz de la Garza | H13: esparta94@gmail.com | I13: b76b9aa0-31e3-4e6d-905f-d7fc227d629a
... A15: 10/21/2024 | B15: Monterrey | C15: Teléfono-Gama baja-16GB | D15: 121.68 | E15: 2 | F15: 243.36 | G15: Abril Julio T√≥rrez Segovia | H15: xsaenz@hotmail.com | I15: 0281b754-3298-47cb-85b3-b7e7a8c57bab
A16: Nov 30, 2024 | B16: Guadalajara | C16: Tablet-Pro-32GB | D16: 1109.64 | E16: 3 | G16: Ing. Esteban Curiel | H16: juliavergara@barraza.info | I16: 6d6dc8da-1c46-48a9-9864-d6731b144bc7
A17: 12/05/2024 | B17: Guadalajara | C17: Tablet-Mini-32GB | D17: 2246.48 | E17: 1 | F17: 2246.48 | G17: Hilda M√≥nica Acu√±a Zedillo | H17: lhidalgo@yahoo.com | I17: 6d865eac-7ee1-4c9f-bf09-98a0163a585b
A18: 22/10/2024 | B18: Bogotá | C18: Auriculares-Cancelación de ruido-4GB | D18: 129.07 | E18: 4 | F18: 516.28 | G18: Iv√°n Sanches Vallejo | H18: reinaenriquez@sarabia-badillo.com | I18: 166ba421-1a83-493d-b4f5-5832605721e4
A19: Dec 28, 2024 | B19: Monterrey | C19: Auriculares-Bluetooth-16GB | D19: 1724.31 | E19: 2 | F19: 3448.62 | G19: Alejandra Rold√°n | H19: almafajardo@proyectos.com | I19: 530801f5-4c88-4d00-b297-5944ebece83d
A20: 10/12/2024 | B20: Bogotá | C20: Teléfono-Gama alta-16GB | D20: 1445.1 | E20: 4 | F20: 5780.4 | G20: Lorenzo Wendolin M√©ndez Gollum | H20: ffuentes@ochoa-molina.com | I20: 116022d7-56fc-4596-aeba-30c58ab21dbf
A21: Nov 14, 2024 | B21: Cali | C21: Tablet-Estándar-16GB | D21: 1618.43 | E21: 3 | F21: 4855.29 | G21: Catalina Adela Galarza Camacho | H21: yfarias@industrias.com | I21: 6685e5bb-9081-494c-b6aa-422ddb87955d
A22: 29/12/2024 | B22: Ciudad de M√©xico | C22: Teléfono-Gama media-4GB | D22: 2070.23 | E22: 5 | F22: 10351.15 | G22: Aldo Rodr√≠gez | H22: isabelojeda@grupo.com | I22: f8087330-1de4-4af6-8cae-e91d660b819f
A23: 11/10/2024 | B23: Medellín | C23: Teléfono-Gama baja-8GB | D23: 763.62 | E23: 1 | F23: 763.62 | G23: Sr(a). Carlota Aguayo | H23: auroralugo@acuna-mercado.com | I23: d58eb71d-bd78-4ec3-8a70-34213c01464b
A24: Dec 16, 2024 | B24: Monterrey | C24: Teléfono-Gama media-4GB | D24: 658.01 | E24: 5 | F24: 3290.05 | G24: Aurora Amador Mendoza Prieto | H24: margarita69@grupo.net | I24: 45698812-aa8b-4fea-b214-81743c8c3e1d
A25: 14/10/2024 | B25: MONTERREY | C25: Tablet-Pro-4GB | D25: 162.56 | E25: 4 | F25: 650.24 | G25: Gabino Rub√©n Men√©ndez | H25: bernardovillagomez@laboratorios.org | I25: df7f87e2-753a-411f-bbe9-b634b149f17c
A26: 12/31/2024 | B26: Cali | C26: Laptop-Ultraliviana-32GB | D26: 1721.22 | E26: 4 | F26: 6884.88 | G26: Roberto Mar√≠a Cristina Madera Alejandro | H26: teodoro56@yahoo.com | I26: bfde20ee-a837-4bd7-af36-f9e5b40dfe3b
A27: Oct 03, 2024 | B27: Bogotá | C27: Tablet-Estándar-16GB | D27: 741.79 | E27: 2 | F27: 1483.58 | G27: Uriel Helena Caldera | H27: pizarrojaqueline@acuna-moreno.com | I27: 91de2837-a873-4607-8185-7fa6844d2be8
A28: 11/10/2024 | B28: CIUDAD DE M√âXICO | C28: Auriculares-Cancelación de ruido-4GB | D28: 489.42 | E28: 3 | F28: 1468.26 | G28: Sr(a). M√≥nica Cortez | H28: benito43@corporacin.com | I28: 814e531c-1781-4af9-86e2-0da4494565c9
... A57: 12/18/2024 | B57: Bogotá | C57: Laptop-Ultraliviana-16GB | D57: 602.68 | E57: 3 | F57: 1808.04 | G57: Lic. Ricardo Coronado | H57: opaz@proyectos.net | I57: 84862dcd-d58c-423c-99b1-8b1ee8b38e4e
A58: 11/17/2024 | B58: Medellín | C58: Teléfono-Gama alta-32GB | D58: 2405.31 | E58: 5 | G58: Virginia Aldonza Zamora Longoria | H58: bpacheco@hotmail.com | I58: 512f8818-bb8d-466a-9f10-79bd8f52408b
A59: Nov 25, 2024 | B59: Guadalajara | C59: Auriculares-Bluetooth-16GB | D59: 564.69 | E59: 2 | F59: 1129.38 | G59: Alonso Paola Rocha | H59: ujasso@olivares.com | I59: 8588db90-3e5f-471e-8500-c89cbc6d1623
A60: 12/20/2024 | B60: Cali | C60: Teléfono-Gama media-4GB | D60: 2373.12 | E60: 2 | F60: 4746.24 | G60: Aida Marrero | H60: juana18@yahoo.com | I60: 84603ef1-6930-4a3e-b3f4-2e56b1a84398
A61: 10/10/2024 | B61: BOGOT√Å | C61: Laptop-Oficina-16GB | D61: 278.37 | E61: 3 | F61: 835.11 | G61: Mtro. C√©sar Verduzco | H61: maria-elena87@proyectos.biz | I61: af1640cb-8d21-4be4-a497-cf19ebe3fa3e
A62: Dec 07, 2024 | B62: Monterrey | C62: Laptop-Gaming-4GB | D62: 1636.89 | E62: 2 | F62: 3273.78 | G62: Rodrigo Yeni Avil√©s | H62: juan-carlos48@del.info | I62: fa21bde8-c128-4e66-83c3-a35891b527e7
A63: 11/13/2024 | B63: Bogotá | C63: Auriculares-Bluetooth-4GB | E63: 1 | F63: 1787.41 | G63: Cynthia Aguilera Figueroa | H63: eloyarroyo@yahoo.com | I63: 6a533065-10e9-417f-90b8-cc321916284c
A64: 12/02/2024 | B64: GUADALAJARA | C64: Tablet-Mini-16GB | D64: 218.94 | E64: 3 | F64: 656.82 | G64: Omar Casares Benav√≠dez | H64: humberto17@tapia.com | I64: be2593fe-882a-47b4-84fb-96d56973714b
A65: Nov 19, 2024 | B65: Monterrey | C65: Laptop-Ultraliviana-4GB | D65: 1077.1 | E65: 5 | F65: 5385.5 | G65: Sr(a). Mario Cort√©s | H65: oliviacarmona@magana.net | I65: 9b5f5828-58aa-4107-b467-e223f64cae41
A66: 21/11/2024 | B66: Ciudad de M√©xico | C66: Laptop-Oficina-4GB | D66: 2297.78 | E66: 4 | F66: 9191.12 | G66: Delia Rosario | H66: guruleserafin@industrias.biz | I66: a23fb156-d7f0-48b3-8429-51722fc91010
A67: 11/07/2024 | B67: Ciudad de M√©xico | C67: Tablet-Estándar-4GB | D67: 127.95 | E67: 4 | F67: 511.8 | G67: Citlali Jorge Gast√©lum | H67: patricia75@corporacin.com | I67: b7d845eb-4a64-4099-a793-3f93363ea49e
A68: Dec 31, 2024 | B68: Cali | C68: Teléfono-Gama alta-4GB | D68: 1545.28 | E68: 2 | F68: 3090.56 | G68: Lic. Mateo Salazar | H68: aurora38@hotmail.com | I68: 8d472941-b5df-4f80-b3a6-ece0e6978e8a
A69: 24/12/2024 | B69: Medellín | C69: Tablet-Estándar-16GB | D69: 97.52 | E69: 1 | F69: 97.52 | G69: Ing. Emilia Fajardo | H69: estelarocha@oquendo.org | I69: 8e37e816-5b3d-4cf1-9cef-cf002ceb456f
A70: 12/11/2024 | B70: Bogotá | C70: Tablet-Pro-4GB | D70: 817.03 | E70: 2 | F70: 1634.06 | G70: Leonel Salcido | H70: carranzamaria-jose@yahoo.com | I70: b970ae82-fee0-482e-b413-b42d8439bc7e
A71: Oct 18, 2024 | B71: Monterrey | C71: Auriculares-Bluetooth-4GB | D71: 721.04 | E71: 4 | F71: 2884.16 | G71: Ren√© Rafa√©l Rocha | H71: hugodel-rio@reyna.com | I71: 21eb6780-a2cf-4959-81fd-6bec09658cd0
A72: 12/22/2024 | B72: Guadalajara | C72: Tablet-Mini-8GB | D72: 1636.65 | E72: 2 | F72: 3273.3 | G72: Gonzalo Rasc√≥n | H72: hilda61@grupo.info | I72: 632f3ed9-ab81-468b-93d0-16a797a5d1c7
A73: 11/04/2024 | B73: Medellín | C73: Teléfono-Gama alta-16GB | D73: 2114.2 | E73: 5 | F73: 10571 | G73: Patricio Palomino | H73: carolinaoquendo@industrias.net | I73: b3d5e0b4-2834-4e54-a96a-d9085614ca23
A74: Dec 13, 2024 | B74: Monterrey | C74: Laptop-Oficina-16GB | D74: 934.1 | E74: 2 | F74: 1868.2 | G74: Roberto Mateo Hurtado Le√≥n | H74: sperales@hotmail.com | I74: 0332c3e0-2f25-4dfd-ad14-79f12be80567
A75: 10/25/2024 | B75: Ciudad de M√©xico | C75: Tel√©fono-Gama media-8GB | D75: 2095.64 | E75: 5 | F75: 10478.2 | G75: Dr. Agust√≠n Sandoval | H75: cornelio15@grupo.com | I75: 1a1b2b13-06f4-45bf-a9e9-678df211aedf
... A85: 11/07/2024 | B85: Cali | C85: Auriculares-Cancelación de ruido-32GB | D85: 371.34 | E85: 3 | F85: 1114.02 | G85: Ren√© Luna Pineda | H85: hocampo@corporacin.net | I85: 75b08c4a-c440-4f59-a757-c070085c6101
A86: 13/10/2024 | B86: Cali | C86: Laptop-Oficina-16GB | E86: 4 | F86: 9938.64 | G86: Israel de Anda Rodr√≠guez | H86: sonia24@gmail.com | I86: 7da07b63-351f-4e52-aa15-8e1320b57edf
A87: 29/10/2024 | B87: Cali | C87: Teléfono-Gama media-32GB | D87: 271.58 | E87: 5 | F87: 1357.9 | G87: Benito Carla Cano Olvera | H87: antoniovillalobos@gmail.com | I87: 7f6c0f86-6158-4f16-8105-a9407f403fe9
A88: Nov 20, 2024 | B88: Medellín | C88: Laptop-Ultraliviana-4GB | D88: 2371.6 | E88: 2 | F88: 4743.2 | G88: Timoteo Abelardo Ur√≠as Ni√±o | H88: bfajardo@gmail.com | I88: 279ccf00-0de5-4813-a6ed-58a52bc1a5ad
A89: Oct 22, 2024 | B89: Cali | C89: Laptop-Oficina-16GB | D89: 2392.65 | E89: 4 | F89: 9570.6 | G89: Julia Gonzalo Armend√°riz | H89: jose-manuelcazares@franco.org | I89: ce229233-81ec-4127-be94-95ce93175cd4
A90: 11/21/2024 | B90: Monterrey | C90: Laptop-Gaming-32GB | D90: 1738.96 | E90: 4 | F90: 6955.84 | G90: Carlota Julio de Jes√∫s | H90: de-la-fuentereina@gmail.com | I90: 17ce4fbf-b0f5-4e3b-aeb9-956b5c881168
A91: 23/11/2024 | B91: Cali | C91: Teléfono-Gama alta-8GB | D91: 1877.63 | E91: 2 | F91: 3755.26 | G91: Abelardo Cynthia Crespo | H91: ecasas@yahoo.com | I91: bfef5ecf-9029-4f0b-9ca9-4cce9f340385
A92: 12/21/2024 | B92: Medellín | C92: Auriculares-Cancelación de ruido-32GB | D92: 1547.71 | E92: 5 | F92: 7738.55 | G92: Susana Ju√°rez | H92: marthabaez@gmail.com | I92: dca0f25c-824a-4634-827c-d385dafa7123
A93: 30/11/2024 | B93: Guadalajara | C93: Teléfono-Gama media-4GB | D93: 1254.72 | E93: 2 | F93: 2509.44 | G93: Claudio Laura Corona Cordero | H93: solizespartaco@raya.com | I93: b3a633a5-e62e-4c18-a2a7-1e1b9a949d2a
A94: 28/12/2024 | B94: Monterrey | C94: Tablet-Estándar-4GB | D94: 2087.84 | E94: 1 | F94: 2087.84 | G94: Anabel Gonzalo Pedroza | H94: helena29@leiva.com | I94: 3c3a1e13-f9c9-448a-91f3-059857dd86f5
A95: Nov 23, 2024 | B95: Guadalajara | C95: Teléfono-Gama alta-8GB | E95: 3 | F95: 4978.62 | G95: Ing. Amanda Prado | H95: ursulaespinoza@de.info | I95: a60e107a-d3cc-46c7-9a8e-b0aa9cfa7817
A96: Nov 04, 2024 | B96: Guadalajara | C96: Tablet-Pro-8GB | D96: 1849.07 | E96: 5 | F96: 9245.35 | G96: Mtro. Camila Montemayor | H96: jose-eduardo21@yahoo.com | I96: a6735135-46d8-4997-ad55-d449e18fd075
A97: Oct 29, 2024 | B97: Ciudad de M√©xico | C97: Teléfono-Gama baja-16GB | D97: 1290.52 | E97: 3 | F97: 3871.56 | G97: Ing. Marcela Guzm√°n | H97: dvillegas@despacho.com | I97: 56344cb2-c22e-400d-87dd-49a631ced56f
A98: 10/21/2024 | B98: Cali | C98: Tablet-Mini-8GB | D98: 392.86 | E98: 2 | F98: 785.72 | G98: Bruno Samuel Acosta Rasc√≥n | H98: irene40@bustos.info | I98: 5eb46f68-93f4-40bf-ade8-2f3822a7d3fe
A99: 02/10/2024 | B99: Guadalajara | C99: Tablet-Estándar-4GB | D99: 1864.02 | E99: 5 | F99: 9320.1 | G99: Pamela Rolando Ayala | H99: zrenteria@yahoo.com | I99: 3c8ea69b-f625-4431-b5c1-1d4bdc621135
A100: Dec 28, 2024 | B100: Monterrey | C100: Auriculares-Con cable-16GB | D100: 589.92 | E100: 3 | F100: 1769.76 | G100: Bernab√© Zaragoza | H100: htorrez@despacho.com | I100: f652769b-e1e8-44a1-8f3d-6f80c1ac3f13
A101: Dec 24, 2024 | B101: Medellín | C101: Teléfono-Gama media-16GB | D101: 758.87 | E101: 3 | F101: 2276.61 | G101: Yuridia Rub√©n Armend√°riz | H101: claudia24@industrias.com | I101: 9e945271-543f-4b06-a34e-b1dfcd6b8450
A102: 29/10/2024 | B102: Medellín | C102: Laptop-Oficina-32GB | D102: 489.9 | E102: 2 | F102: 979.8 | G102: Ver√≥nica Francisca Tafoya | H102: nicolas87@gmail.com | I102: fd16a28b-5ec8-4f7c-aac8-e6c93568cda5
A103: Oct 16, 2024 | B103: Guadalajara | C103: Teléfono-Gama baja-8GB | D103: 1614.05 | E103: 1 | F103: 1614.05 | G103: Aurora Esteban Sisneros Centeno | H103: soniapaez@laboratorios.com | I103: 8dcb205e-e032-4baa-a658-7e640f07fe1e
A104: 05/10/2024 | B104: Cali | C104: Tel√©fono-Gama media-8GB | D104: 179.58 | E104: 3 | F104: 538.74 | G104: Dr. Alonso Abreu | H104: noeliajaquez@corporacin.net | I104: bbcfa88c-1300-46e2-bc6a-e3c6ddbb62d8
A105: Oct 03, 2024 | B105: Bogotá | C105: Tablet-Estándar-8GB | D105: 984.34 | E105: 3 | F105: 2953.02 | G105: Wendolin Jer√≥nimo Far√≠as | H105: yterrazas@hotmail.com | I105: 4cfd7c38-6607-4b36-ab60-fb259d4e18b4
A106: Dec 29, 2024 | B106: Monterrey | C106: Tablet-Estándar-4GB | D106: 1456.46 | E106: 4 | F106: 5825.84 | G106: Modesto Rufino Mares Negr√≥n | H106: maytetovar@hotmail.com | I106: 1f451643-e6fa-4d54-b03d-304b7a23b3e1
A107: 12/16/2024 | B107: Medellín | C107: Laptop-Gaming-8GB | D107: 421.27 | E107: 4 | F107: 1685.08 | G107: Ing. Mitzy de la Rosa | H107: larajesus@industrias.com | I107: 2c42cc7e-a16c-4dc9-ae59-89dbe94c5127
... A184: 12/16/2024 | B184: Cali | C184: Teléfono-Gama alta-16GB | D184: 814.63 | E184: 1 | F184: 814.63 | G184: Germ√°n Crespo Leyva | H184: pamela15@yahoo.com | I184: 0514f6bb-c61e-409d-8985-bc35bb86f4af
A185: Oct 14, 2024 | B185: Bogotá | C185: Laptop-Ultraliviana-16GB | D185: 120.94 | E185: 3 | G185: Esmeralda Ba√±uelos | H185: gdel-rio@proyectos.biz | I185: 4a70ae74-59ef-4f8f-98ee-d8fff858e22d
A186: 10/30/2024 | B186: Guadalajara | C186: Tablet-Mini-8GB | D186: 797.71 | E186: 1 | F186: 797.71 | G186: Concepci√≥n Isabel Becerra del Valle | H186: rubencanales@hotmail.com | I186: a98bfa4e-dd81-401d-b806-a98b5c514056
A187: 11/08/2024 | B187: Cali | C187: Teléfono-Gama media-4GB | D187: 762.46 | E187: 1 | F187: 762.46 | G187: Miguel Luis Gir√≥n Monta√±ez | H187: saucedaconcepcion@hotmail.com | I187: d59afe7f-49e3-483a-97f5-ce81f54d250f
A188: Dec 26, 2024 | B188: Cali | C188: Auriculares-Cancelaci√≥n de ruido-16GB | D188: 1794.09 | E188: 5 | F188: 8970.45 | G188: David Prado | H188: fgamboa@yahoo.com | I188: 86dddca7-94b8-407d-9b43-bb0906ba81e6
A189: 12/01/2024 | B189: Ciudad de M√©xico | C189: Laptop-Oficina-4GB | D189: 157.89 | E189: 1 | F189: 157.89 | G189: Sr(a). Jos Venegas | H189: qguajardo@gmail.com | I189: f6a5ccaa-f8db-4293-9b11-932f3470afdf
A190: Nov 03, 2024 | B190: Guadalajara | C190: Teléfono-Gama baja-32GB | D190: 642.49 | E190: 4 | F190: 2569.96 | G190: Antonio Juana Soria | H190: israel13@aviles.biz | I190: 8dbce9a8-4e8c-41c7-a836-12fe71b7ad0a
A191: 10/17/2024 | B191: Ciudad de M√©xico | C191: Auriculares-Bluetooth-8GB | D191: 798.65 | E191: 1 | F191: 798.65 | G191: Rufino Lucero Urrutia | H191: ncastaneda@rico.com | I191: f34bc8a2-d539-45c5-a4cb-e23ab3ad1bf9
A192: 11/18/2024 | B192: Guadalajara | C192: Auriculares-Cancelaci√≥n de ruido-16GB | D192: 1533.19 | E192: 4 | F192: 6132.76 | G192: Jaqueline Vel√°squez Hidalgo | H192: oquendoyeni@gmail.com | I192: 0bbe7dc7-b837-4dff-83eb-a691bf3d9337
A193: 12/12/2024 | B193: Ciudad de M√©xico | C193: Laptop-Oficina-32GB | D193: 1247.13 | E193: 5 | F193: 6235.65 | G193: Abigail Mayorga | H193: elviraalva@sandoval.net | I193: 48f1f9b2-e5c3-45db-9c35-dba3af2b3e37
A194: Oct 22, 2024 | B194: CIUDAD DE M√âXICO | C194: Teléfono-Gama baja-32GB | D194: 1988 | E194: 2 | F194: 3976 | G194: Indira Eric Renter√≠a Vel√°zquez | H194: fduran@arredondo.com | I194: 56137b69-5c0a-49a2-bc0e-cd99b52af4b9
A195: 12/27/2024 | B195: Cali | C195: Teléfono-Gama alta-4GB | D195: 1923.56 | E195: 4 | F195: 7694.24 | G195: Leonor Cristina Concepci√≥n | H195: murocynthia@club.info | I195: c6ebe95f-880f-4175-b857-173d436e2753
A196: 11/09/2024 | B196: MEDELL√çN | C196: Auriculares-Cancelación de ruido-4GB | D196: 1112.81 | E196: 1 | F196: 1112.81 | G196: Sr(a). √Ångela Navarro | H196: olivertejada@hotmail.com | I196: bfb5f658-102d-4d01-bec2-1f4cced1bbef
A197: Dec 04, 2024 | B197: Guadalajara | C197: Auriculares-Con cable-4GB | D197: 2281.58 | E197: 1 | F197: 2281.58 | G197: Mateo Ra√∫l Sosa Arreola | H197: asuncionquintero@hotmail.com | I197: 25b223d6-04b8-478f-9246-79edbe8738eb
... A265: 10/12/2024 | B265: Cali | C265: Auriculares-Bluetooth-32GB | D265: 1277.75 | E265: 1 | F265: 1277.75 | G265: Karina Jer√≥nimo P√©rez Mojica | H265: mauro20@urrutia.net | I265: 581770ae-84a5-4fc3-ba77-826c11cb3e70
A266: 11/28/2024 | B266: Ciudad de M√©xico | C266: Auriculares-Cancelación de ruido-8GB | D266: 2087.73 | E266: 1 | G266: In√©s Griego Lemus | H266: de-andavicente@robles.com | I266: 14ad0f9b-ea8e-437c-b3d9-d3b4ddd90518
A267: 10/17/2024 | B267: Monterrey | C267: Teléfono-Gama media-32GB | D267: 1937.4 | E267: 2 | F267: 3874.8 | G267: Fabiola Ang√©lica Bravo | H267: correaestefania@yahoo.com | I267: 76fde716-641c-4ff4-848c-ade7a38970de
A268: 11/24/2024 | B268: Monterrey | C268: Laptop-Oficina-4GB | D268: 1628.77 | E268: 4 | F268: 6515.08 | G268: Nadia P√©rez Medina | H268: eduardo52@grupo.info | I268: a5740e45-38d1-421a-8d38-8a6d427463c6
A269: 10/24/2024 | B269: Medellín | C269: Teléfono-Gama media-16GB | D269: 747.11 | E269: 5 | F269: 3735.55 | G269: Ignacio Leonor Guajardo | H269: florenciaescamilla@industrias.com | I269: 2ecd07a3-c49e-486f-a9f0-9a7b1dc20737
A270: 11/10/2024 | B270: Bogotá | C270: Auriculares-Bluetooth-16GB | D270: 596.93 | E270: 5 | F270: 2984.65 | G270: Mtro. Zeferino Oquendo | H270: lbarajas@alva-montalvo.com | I270: 8a06b4fc-26f2-4b8b-827b-2c6a1f537edf
A271: 3/11/2024 | B271: Monterrey | C271: Auriculares-Con cable-8GB | D271: 1691.93 | E271: 1 | F271: 1691.93 | G271: Hern√°n Samuel Col√≥n | H271: xapodaca@proyectos.com | I271: ca1cb20b-c27e-4a80-abe5-5c61f19ada3a
A272: 7/12/2024 | B272: Bogotá | C272: Laptop-Gaming-32GB | D272: 2043.06 | E272: 2 | F272: 4086.12 | G272: Evelio Luz Herrera Melgar | H272: parchuleta@corporacin.com | I272: 2198c786-f1c8-4272-9619-35fe62fbf3c5
A273: Nov 5, 2024 | B273: Tulum | C273: Laptop-Gaming-16GB | D273: 808.32 | E273: 4 | F273: 3233.28 | G273: Eloisa Octavio Quintero | H273: griegomonica@yahoo.com | I273: 80c340bc-bd50-477d-a7dc-27237bf10b22
A274: 10/14/2024 | B274: Bogotá | C274: Teléfono-Gama media-4GB | D274: 2092.55 | E274: 5 | F274: 10462.75 | G274: Roberto Cas√°rez Lozada | H274: granadosaraceli@proyectos.net | I274: 890c4fe3-a2aa-473b-a2ff-9c2704d3ac14
A275: 12/16/2024 | B275: Medellín | C275: Teléfono-Gama media-4GB | D275: 785.82 | E275: 2 | F275: 1571.64 | G275: Cynthia Oswaldo Olvera | H275: carbajaldulce-maria@club.info | I275: 496f9895-2148-475d-9da8-8846db1a0d2e
A276: 11/27/2024 | B276: Monterrey | C276: Tablet-Estándar-8GB | D276: 2014.33 | E276: 4 | F276: 8057.32 | G276: Iv√°n Fuentes Fierro | H276: indiraarroyo@gmail.com | I276: 94019fc0-5f8a-4f46-b07d-b18f9ed2fb2d
A277: 10/24/2024 | B277: Ciudad de M√©xico | C277: Tablet-Estándar-8GB | D277: 1030.99 | E277: 1 | F277: 1030.99 | G277: Ing. Vanesa Bustos | H277: ccintron@gmail.com | I277: 7973d01c-f337-48a1-8f89-e3be9acd41ae
A278: 12/26/2024 | B278: Ciudad de M√©xico | C278: Tablet-Estándar-16GB | D278: 658.24 | E278: 3 | F278: 1974.72 | G278: Patricia Candelaria Ram√≥n | H278: maria-del-carmen56@alonzo.com | I278: 791a6835-1e53-4dab-9537-f28d07071087
... A313: 11/14/2024 | B313: Ciudad de M√©xico | C313: Teléfono-Gama media-4GB | D313: 1152.44 | E313: 5 | F313: 5762.2 | G313: Ing. Abraham Gir√≥n | H313: socorrodel-valle@gmail.com | I313: fe56b9b6-8658-46ab-b178-142e1c6c32ec
A314: Dec 06, 2024 | B314: Monterrey | C314: Laptop-Ultraliviana-32GB | E314: 1 | F314: 1955.27 | G314: Cristal Leticia Varela Soliz | H314: marisoldiaz@gmail.com | I314: bc41d301-8342-4b13-a0a6-0094760ae37b
A315: 10/21/2024 | B315: Tulum | C315: Laptop-Ultraliviana-8GB | D315: 1807.14 | E315: 5 | F315: 9035.7 | G315: Octavio Santacruz Lucero | H315: marisoldominguez@yahoo.com | I315: 4473af02-2d6e-42ae-8fd6-1e6eb2b0c846
...

Sheet Datos_Limpios
A1: Fecha de venta | B1: Ciudad | C1: Producto | D1: Precio unitario | E1: Cantidad | F1: Monto total | G1: Cliente | H1: Email | I1: ID de orden | K1: Columna 1 | L1: Fecha | M1: Ciudad | N1: Producto | O1: Tipo | P1: Especificaciones | Q1: Precio unitario | R1: Cantidad | S1: Monto total | T1: Cliente | U1: ID de orden | V1: Producto unido
A2: 45568 | B2: Monterrey | C2: Auriculares-Con cable-32GB | D2: 439.01 | E2: 5 | F2: 2195.05 | G2: Sandra B√°ez | H2: maria-teresamanzanares@jaquez.com | I2: d7c9e19e-1228-4326-8b2a-cde42e222a67 | K2: =IFERROR(__xludf.DUMMYFUNCTION("IF(ISBLANK(A2), """", IF(ISNUMBER(A2), TEXT(A2,""dd/mm/yyyy""), IF( REGEXMATCH(TRIM(A2),""^\d{1,2}/\d{1,2}/\d{4}$""), TRIM(A2), IFERROR( TEXT(DATEVALUE(SUBSTITUTE(SUBSTITUTE(TRIM(A2),""-"",""/""),""."",""/"")),""dd/mm"&"/yyyy""), TRIM(A2) ) ) ) ) "),"03/10/2024") -> 03/10/2024 | L2: 45568 | M2: =IFERROR(__xludf.DUMMYFUNCTION("PROPER(TRIM( REGEXREPLACE( REGEXREPLACE( SUBSTITUTE(SUBSTITUTE(SUBSTITUTE(SUBSTITUTE(SUBSTITUTE(SUBSTITUTE(SUBSTITUTE(SUBSTITUTE(SUBSTITUTE(SUBSTITUTE(SUBSTITUTE( B2,""√©"",""é""),""√°"",""á""),""√±"",""ñ""),""√≥"",""ó""),""√â"",""é"")"&",""√Å"",""á""),""√ç"",""í""),""√Ç"",""Í""),""√Â"",""é""),""√≠"",""í""),""√º"",""ú""), ""[,\\.√]"",""""), ""\\s+"","" "") )) "),"Monterrey") -> Monterrey | N2: =IFERROR(__xludf.DUMMYFUNCTION("SPLIT( TRIM( SUBSTITUTE( SUBSTITUTE( SUBSTITUTE( SUBSTITUTE( C2, ""√©"", ""é"" ), ""√±"", ""ñ"" ), ""√°"", ""á"" ), ""√≥"", ""ó"" ) ), ""-"" ) "),"Auriculares") -> Auriculares | O2: =IFERROR(__xludf.DUMMYFUNCTION("""COMPUTED_VALUE"""),"Con cable") -> Con cable | P2: =IFERROR(__xludf.DUMMYFUNCTION("""COMPUTED_VALUE"""),"32GB") -> 32GB | Q2: =IF(ISBLANK(D2),"0",D2) -> 439.01 | R2: =IF(ISBLANK(E2),"Sin datos",E2) -> 5 | S2: =IF(ISBLANK(F2),"0",F2) -> 2195.05 | T2: =IFERROR(__xludf.DUMMYFUNCTION("PROPER(TRIM( LET( texto1, REGEXREPLACE(G2, ""(?i)\b(DR\.?|SRA?\.?|\(A\)|MTRO\.?|LIC\.?|ING\.?)\b"", """"), texto2, REGEXREPLACE(texto1, ""√©|√â|√Â"", ""é""), texto3, REGEXREPLACE(texto2, ""√°|√Å"", ""á""), texto4, REGEXREPLACE(texto3, """&"√±"", ""ñ""), texto5, REGEXREPLACE(texto4, ""√≥"", ""ó""), texto6, REGEXREPLACE(texto5, ""√ç|√≠|√Ç"", ""í""), texto7, REGEXREPLACE(texto6, ""√º"", ""ú""), texto8, REGEXREPLACE(texto7, ""[^A-Za-zÁÉÍÓÚÜÑáéíóúüñ\s]"", """"), texto9, REGEX"&"REPLACE(texto8, ""^[A-Za-zÁÉÍÓÚÜÑáéíóúüñ]\s+"", """"), texto10, IF(REGEXMATCH(texto9, ""(?i)^\s*Jos\s*$""), ""José"", texto9), texto11, REGEXREPLACE(texto10, ""(?i)(eé|ée|ee|éé)+"", ""é""), texto12, REGEXREPLACE(texto11, ""(?i)(aá|áa|aa|áá)+"""&", ""á""), texto13, REGEXREPLACE(texto12, ""(?i)(ií|íi|ii|íí)+"", ""í""), texto14, REGEXREPLACE(texto13, ""(?i)(oó|óo|oo|óó)+"", ""ó""), texto15, REGEXREPLACE(texto14, ""(?i)(uú|úu|uu|úú)+"", ""ú""), texto16, REGEXREPLACE(texto15, ""\s{2,}"&""", "" ""), texto16 ) )) "),"Sandra Báez") -> Sandra Báez | U2: =I2 -> d7c9e19e-1228-4326-8b2a-cde42e222a67 | V2: =CONCATENATE(N2," ",O2," ",P2) -> Auriculares Con cable 32GB
A3: 45580 | B3: Bogotá | C3: Auriculares-Bluetooth-8GB | D3: 1090.69 | E3: 1 | F3: 1090.69 | G3: Mariano Leticia Palomino | H3: brunoflorez@hotmail.com | I3: c1103728-e36d-48da-ba95-42c7fc1ccca5 | K3: =IFERROR(__xludf.DUMMYFUNCTION("IF(ISBLANK(A3), """", IF(ISNUMBER(A3), TEXT(A3,""dd/mm/yyyy""), IF( REGEXMATCH(TRIM(A3),""^\d{1,2}/\d{1,2}/\d{4}$""), TRIM(A3), IFERROR( TEXT(DATEVALUE(SUBSTITUTE(SUBSTITUTE(TRIM(A3),""-"",""/""),""."",""/"")),""dd/mm"&"/yyyy""), TRIM(A3) ) ) ) ) "),"15/10/2024") -> 15/10/2024 | L3: 45580 | M3: =IFERROR(__xludf.DUMMYFUNCTION("PROPER(TRIM( REGEXREPLACE( REGEXREPLACE( SUBSTITUTE(SUBSTITUTE(SUBSTITUTE(SUBSTITUTE(SUBSTITUTE(SUBSTITUTE(SUBSTITUTE(SUBSTITUTE(SUBSTITUTE(SUBSTITUTE(SUBSTITUTE( B3,""√©"",""é""),""√°"",""á""),""√±"",""ñ""),""√≥"",""ó""),""√â"",""é"")"&",""√Å"",""á""),""√ç"",""í""),""√Ç"",""Í""),""√Â"",""é""),""√≠"",""í""),""√º"",""ú""), ""[,\\.√]"",""""), ""\\s+"","" "") )) "),"Bogotá") -> Bogotá | N3: =IFERROR(__xludf.DUMMYFUNCTION("SPLIT( TRIM( SUBSTITUTE( SUBSTITUTE( SUBSTITUTE( SUBSTITUTE( C3, ""√©"", ""é"" ), ""√±"", ""ñ"" ), ""√°"", ""á"" ), ""√≥"", ""ó"" ) ), ""-"" ) "),"Auriculares") -> Auriculares | O3: =IFERROR(__xludf.DUMMYFUNCTION("""COMPUTED_VALUE"""),"Bluetooth") -> Bluetooth | P3: =IFERROR(__xludf.DUMMYFUNCTION("""COMPUTED_VALUE"""),"8GB") -> 8GB | Q3: =IF(ISBLANK(D3),"0",D3) -> 1090.69 | R3: =IF(ISBLANK(E3),"Sin datos",E3) -> 1 | S3: =IF(ISBLANK(F3),"0",F3) -> 1090.69 | T3: =IFERROR(__xludf.DUMMYFUNCTION("PROPER(TRIM( LET( texto1, REGEXREPLACE(G3, ""(?i)\b(DR\.?|SRA?\.?|\(A\)|MTRO\.?|LIC\.?|ING\.?)\b"", """"), texto2, REGEXREPLACE(texto1, ""√©|√â|√Â"", ""é""), texto3, REGEXREPLACE(texto2, ""√°|√Å"", ""á""), texto4, REGEXREPLACE(texto3, """&"√±"", ""ñ""), texto5, REGEXREPLACE(texto4, ""√≥"", ""ó""), texto6, REGEXREPLACE(texto5, ""√ç|√≠|√Ç"", ""í""), texto7, REGEXREPLACE(texto6, ""√º"", ""ú""), texto8, REGEXREPLACE(texto7, ""[^A-Za-zÁÉÍÓÚÜÑáéíóúüñ\s]"", """"), texto9, REGEX"&"REPLACE(texto8, ""^[A-Za-zÁÉÍÓÚÜÑáéíóúüñ]\s+"", """"), texto10, IF(REGEXMATCH(texto9, ""(?i)^\s*Jos\s*$""), ""José"", texto9), texto11, REGEXREPLACE(texto10, ""(?i)(eé|ée|ee|éé)+"", ""é""), texto12, REGEXREPLACE(texto11, ""(?i)(aá|áa|aa|áá)+"""&", ""á""), texto13, REGEXREPLACE(texto12, ""(?i)(ií|íi|ii|íí)+"", ""í""), texto14, REGEXREPLACE(texto13, ""(?i)(oó|óo|oo|óó)+"", ""ó""), texto15, REGEXREPLACE(texto14, ""(?i)(uú|úu|uu|úú)+"", ""ú""), texto16, REGEXREPLACE(texto15, ""\s{2,}"&""", "" ""), texto16 ) )) "),"Mariano Leticia Palomino") -> Mariano Leticia Palomino | U3: =I3 -> c1103728-e36d-48da-ba95-42c7fc1ccca5 | V3: =CONCATENATE(N3," ",O3," ",P3) -> Auriculares Bluetooth 8GB
A4: 27/10/2024 | B4: Bogotá | C4: Laptop-Gaming-32GB | D4: 1174.54 | E4: 2 | F4: 2349.08 | G4: Gregorio Gayt√°n | H4: maytezedillo@grupo.com | I4: 1fd52e4f-ce34-4747-8dc7-fa4b9fe57dc4 | K4: =IFERROR(__xludf.DUMMYFUNCTION("IF(ISBLANK(A4), """", IF(ISNUMBER(A4), TEXT(A4,""dd/mm/yyyy""), IF( REGEXMATCH(TRIM(A4),""^\d{1,2}/\d{1,2}/\d{4}$""), TRIM(A4), IFERROR( TEXT(DATEVALUE(SUBSTITUTE(SUBSTITUTE(TRIM(A4),""-"",""/""),""."",""/"")),""dd/mm"&"/yyyy""), TRIM(A4) ) ) ) ) "),"27/10/2024") -> 27/10/2024 | L4: 45592 | M4: =IFERROR(__xludf.DUMMYFUNCTION("PROPER(TRIM( REGEXREPLACE( REGEXREPLACE( SUBSTITUTE(SUBSTITUTE(SUBSTITUTE(SUBSTITUTE(SUBSTITUTE(SUBSTITUTE(SUBSTITUTE(SUBSTITUTE(SUBSTITUTE(SUBSTITUTE(SUBSTITUTE( B4,""√©"",""é""),""√°"",""á""),""√±"",""ñ""),""√≥"",""ó""),""√â"",""é"")"&",""√Å"",""á""),""√ç"",""í""),""√Ç"",""Í""),""√Â"",""é""),""√≠"",""í""),""√º"",""ú""), ""[,\\.√]"",""""), ""\\s+"","" "") )) "),"Bogotá") -> Bogotá | N4: =IFERROR(__xludf.DUMMYFUNCTION("SPLIT( TRIM( SUBSTITUTE( SUBSTITUTE( SUBSTITUTE( SUBSTITUTE( C4, ""√©"", ""é"" ), ""√±"", ""ñ"" ), ""√°"", ""á"" ), ""√≥"", ""ó"" ) ), ""-"" ) "),"Laptop") -> Laptop | O4: =IFERROR(__xludf.DUMMYFUNCTION("""COMPUTED_VALUE"""),"Gaming") -> Gaming | P4: =IFERROR(__xludf.DUMMYFUNCTION("""COMPUTED_VALUE"""),"32GB") -> 32GB | Q4: =IF(ISBLANK(D4),"0",D4) -> 1174.54 | R4: =IF(ISBLANK(E4),"Sin datos",E4) -> 2 | S4: =IF(ISBLANK(F4),"0",F4) -> 2349.08 | T4: =IFERROR(__xludf.DUMMYFUNCTION("PROPER(TRIM( LET( texto1, REGEXREPLACE(G4, ""(?i)\b(DR\.?|SRA?\.?|\(A\)|MTRO\.?|LIC\.?|ING\.?)\b"", """"), texto2, REGEXREPLACE(texto1, ""√©|√â|√Â"", ""é""), texto3, REGEXREPLACE(texto2, ""√°|√Å"", ""á""), texto4, REGEXREPLACE(texto3, """&"√±"", ""ñ""), texto5, REGEXREPLACE(texto4, ""√≥"", ""ó""), texto6, REGEXREPLACE(texto5, ""√ç|√≠|√Ç"", ""í""), texto7, REGEXREPLACE(texto6, ""√º"", ""ú""), texto8, REGEXREPLACE(texto7, ""[^A-Za-zÁÉÍÓÚÜÑáéíóúüñ\s]"", """"), texto9, REGEX"&"REPLACE(texto8, ""^[A-Za-zÁÉÍÓÚÜÑáéíóúüñ]\s+"", """"), texto10, IF(REGEXMATCH(texto9, ""(?i)^\s*Jos\s*$""), ""José"", texto9), texto11, REGEXREPLACE(texto10, ""(?i)(eé|ée|ee|éé)+"", ""é""), texto12, REGEXREPLACE(texto11, ""(?i)(aá|áa|aa|áá)+"""&", ""á""), texto13, REGEXREPLACE(texto12, ""(?i)(ií|íi|ii|íí)+"", ""í""), texto14, REGEXREPLACE(texto13, ""(?i)(oó|óo|oo|óó)+"", ""ó""), texto15, REGEXREPLACE(texto14, ""(?i)(uú|úu|uu|úú)+"", ""ú""), texto16, REGEXREPLACE(texto15, ""\s{2,}"&""", "" ""), texto16 ) )) "),"Gregorio Gaytán") -> Gregorio Gaytán | U4: =I4 -> 1fd52e4f-ce34-4747-8dc7-fa4b9fe57dc4 | V4: =CONCATENATE(N4," ",O4," ",P4) -> Laptop Gaming 32GB
A5: 45598 | B5: Medellín | C5: Tablet-Pro-8GB | D5: 1291.38 | E5: 4 | F5: 5165.52 | G5: Alejandra Araceli Guti√©rrez | H5: jtovar@trujillo-orellana.com | I5: 0ada26be-f753-405b-a1a4-3599df81e700 | K5: =IFERROR(__xludf.DUMMYFUNCTION("IF(ISBLANK(A5), """", IF(ISNUMBER(A5), TEXT(A5,""dd/mm/yyyy""), IF( REGEXMATCH(TRIM(A5),""^\d{1,2}/\d{1,2}/\d{4}$""), TRIM(A5), IFERROR( TEXT(DATEVALUE(SUBSTITUTE(SUBSTITUTE(TRIM(A5),""-"",""/""),""."",""/"")),""dd/mm"&"/yyyy""), TRIM(A5) ) ) ) ) "),"02/11/2024") -> 02/11/2024 | L5: 45598 | M5: =IFERROR(__xludf.DUMMYFUNCTION("PROPER(TRIM( REGEXREPLACE( REGEXREPLACE( SUBSTITUTE(SUBSTITUTE(SUBSTITUTE(SUBSTITUTE(SUBSTITUTE(SUBSTITUTE(SUBSTITUTE(SUBSTITUTE(SUBSTITUTE(SUBSTITUTE(SUBSTITUTE( B5,""√©"",""é""),""√°"",""á""),""√±"",""ñ""),""√≥"",""ó""),""√â"",""é"")"&",""√Å"",""á""),""√ç"",""í""),""√Ç"",""Í""),""√Â"",""é""),""√≠"",""í""),""√º"",""ú""), ""[,\\.√]"",""""), ""\\s+"","" "") )) "),"Medellín") -> Medellín | N5: =IFERROR(__xludf.DUMMYFUNCTION("SPLIT( TRIM( SUBSTITUTE( SUBSTITUTE( SUBSTITUTE( SUBSTITUTE( C5, ""√©"", ""é"" ), ""√±"", ""ñ"" ), ""√°"", ""á"" ), ""√≥"", ""ó"" ) ), ""-"" ) "),"Tablet") -> Tablet | O5: =IFERROR(__xludf.DUMMYFUNCTION("""COMPUTED_VALUE"""),"Pro") -> Pro | P5: =IFERROR(__xludf.DUMMYFUNCTION("""COMPUTED_VALUE"""),"8GB") -> 8GB | Q5: =IF(ISBLANK(D5),"0",D5) -> 1291.38 | R5: =IF(ISBLANK(E5),"Sin datos",E5) -> 4 | S5: =IF(ISBLANK(F5),"0",F5) -> 5165.52 | T5: =IFERROR(__xludf.DUMMYFUNCTION("PROPER(TRIM( LET( texto1, REGEXREPLACE(G5, ""(?i)\b(DR\.?|SRA?\.?|\(A\)|MTRO\.?|LIC\.?|ING\.?)\b"", """"), texto2, REGEXREPLACE(texto1, ""√©|√â|√Â"", ""é""), texto3, REGEXREPLACE(texto2, ""√°|√Å"", ""á""), texto4, REGEXREPLACE(texto3, """&"√±"", ""ñ""), texto5, REGEXREPLACE(texto4, ""√≥"", ""ó""), texto6, REGEXREPLACE(texto5, ""√ç|√≠|√Ç"", ""í""), texto7, REGEXREPLACE(texto6, ""√º"", ""ú""), texto8, REGEXREPLACE(texto7, ""[^A-Za-zÁÉÍÓÚÜÑáéíóúüñ\s]"", """"), texto9, REGEX"&"REPLACE(texto8, ""^[A-Za-zÁÉÍÓÚÜÑáéíóúüñ]\s+"", """"), texto10, IF(REGEXMATCH(texto9, ""(?i)^\s*Jos\s*$""), ""José"", texto9), texto11, REGEXREPLACE(texto10, ""(?i)(eé|ée|ee|éé)+"", ""é""), texto12, REGEXREPLACE(texto11, ""(?i)(aá|áa|aa|áá)+"""&", ""á""), texto13, REGEXREPLACE(texto12, ""(?i)(ií|íi|ii|íí)+"", ""í""), texto14, REGEXREPLACE(texto13, ""(?i)(oó|óo|oo|óó)+"", ""ó""), texto15, REGEXREPLACE(texto14, ""(?i)(uú|úu|uu|úú)+"", ""ú""), texto16, REGEXREPLACE(texto15, ""\s{2,}"&""", "" ""), texto16 ) )) "),"Alejandra Araceli Gutiérrez") -> Alejandra Araceli Gutiérrez | U5: =I5 -> 0ada26be-f753-405b-a1a4-3599df81e700 | V5: =CONCATENATE(N5," ",O5," ",P5) -> Tablet Pro 8GB
A6: 28/11/2024 | B6: Medellín | C6: Teléfono-Gama alta-4GB | D6: 1450.89 | E6: 1 | F6: 1450.89 | G6: Miguel √Ångel Mondrag√≥n Benav√≠dez | H6: bmontanez@yahoo.com | I6: 9300cdf6-1250-4659-917a-93641a266da5 | K6: =IFERROR(__xludf.DUMMYFUNCTION("IF(ISBLANK(A6), """", IF(ISNUMBER(A6), TEXT(A6,""dd/mm/yyyy""), IF( REGEXMATCH(TRIM(A6),""^\d{1,2}/\d{1,2}/\d{4}$""), TRIM(A6), IFERROR( TEXT(DATEVALUE(SUBSTITUTE(SUBSTITUTE(TRIM(A6),""-"",""/""),""."",""/"")),""dd/mm"&"/yyyy""), TRIM(A6) ) ) ) ) "),"28/11/2024") -> 28/11/2024 | L6: 45624 | M6: =IFERROR(__xludf.DUMMYFUNCTION("PROPER(TRIM( REGEXREPLACE( REGEXREPLACE( SUBSTITUTE(SUBSTITUTE(SUBSTITUTE(SUBSTITUTE(SUBSTITUTE(SUBSTITUTE(SUBSTITUTE(SUBSTITUTE(SUBSTITUTE(SUBSTITUTE(SUBSTITUTE( B6,""√©"",""é""),""√°"",""á""),""√±"",""ñ""),""√≥"",""ó""),""√â"",""é"")"&",""√Å"",""á""),""√ç"",""í""),""√Ç"",""Í""),""√Â"",""é""),""√≠"",""í""),""√º"",""ú""), ""[,\\.√]"",""""), ""\\s+"","" "") )) "),"Medellín") -> Medellín | N6: =IFERROR(__xludf.DUMMYFUNCTION("SPLIT( TRIM( SUBSTITUTE( SUBSTITUTE( SUBSTITUTE( SUBSTITUTE( C6, ""√©"", ""é"" ), ""√±"", ""ñ"" ), ""√°"", ""á"" ), ""√≥"", ""ó"" ) ), ""-"" ) "),"Teléfono") -> Teléfono | O6: =IFERROR(__xludf.DUMMYFUNCTION("""COMPUTED_VALUE"""),"Gama alta") -> Gama alta | P6: =IFERROR(__xludf.DUMMYFUNCTION("""COMPUTED_VALUE"""),"4GB") -> 4GB | Q6: =IF(ISBLANK(D6),"0",D6) -> 1450.89 | R6: =IF(ISBLANK(E6),"Sin datos",E6) -> 1 | S6: =IF(ISBLANK(F6),"0",F6) -> 1450.89 | T6: =IFERROR(__xludf.DUMMYFUNCTION("PROPER(TRIM( LET( texto1, REGEXREPLACE(G6, ""(?i)\b(DR\.?|SRA?\.?|\(A\)|MTRO\.?|LIC\.?|ING\.?)\b"", """"), texto2, REGEXREPLACE(texto1, ""√©|√â|√Â"", ""é""), texto3, REGEXREPLACE(texto2, ""√°|√Å"", ""á""), texto4, REGEXREPLACE(texto3, """&"√±"", ""ñ""), texto5, REGEXREPLACE(texto4, ""√≥"", ""ó""), texto6, REGEXREPLACE(texto5, ""√ç|√≠|√Ç"", ""í""), texto7, REGEXREPLACE(texto6, ""√º"", ""ú""), texto8, REGEXREPLACE(texto7, ""[^A-Za-zÁÉÍÓÚÜÑáéíóúüñ\s]"", """"), texto9, REGEX"&"REPLACE(texto8, ""^[A-Za-zÁÉÍÓÚÜÑáéíóúüñ]\s+"", """"), texto10, IF(REGEXMATCH(texto9, ""(?i)^\s*Jos\s*$""), ""José"", texto9), texto11, REGEXREPLACE(texto10, ""(?i)(eé|ée|ee|éé)+"", ""é""), texto12, REGEXREPLACE(texto11, ""(?i)(aá|áa|aa|áá)+"""&", ""á""), texto13, REGEXREPLACE(texto12, ""(?i)(ií|íi|ii|íí)+"", ""í""), texto14, REGEXREPLACE(texto13, ""(?i)(oó|óo|oo|óó)+"", ""ó""), texto15, REGEXREPLACE(texto14, ""(?i)(uú|úu|uu|úú)+"", ""ú""), texto16, REGEXREPLACE(texto15, ""\s{2,}"&""", "" ""), texto16 ) )) "),"Miguel Ángel Mondragón Benavídez") -> Miguel Ángel Mondragón Benavídez | U6: =I6 -> 9300cdf6-1250-4659-917a-93641a266da5 | V6: =CONCATENATE(N6," ",O6," ",P6) -> Teléfono Gama alta 4GB
A7: 45601 | B7: Cali | C7: Teléfono-Gama alta-8GB | D7: 670.67 | E7: 4 | F7: 2682.68 | G7: Gabino Conchita Bueno | H7: wvega@yahoo.com | I7: c46fe29a-c3e5-4c00-b9ea-94b719c84734 | K7: =IFERROR(__xludf.DUMMYFUNCTION("IF(ISBLANK(A7), """", IF(ISNUMBER(A7), TEXT(A7,""dd/mm/yyyy""), IF( REGEXMATCH(TRIM(A7),""^\d{1,2}/\d{1,2}/\d{4}$""), TRIM(A7), IFERROR( TEXT(DATEVALUE(SUBSTITUTE(SUBSTITUTE(TRIM(A7),""-"",""/""),""."",""/"")),""dd/mm"&"/yyyy""), TRIM(A7) ) ) ) ) "),"05/11/2024") -> 05/11/2024 | L7: 45601 | M7: =IFERROR(__xludf.DUMMYFUNCTION("PROPER(TRIM( REGEXREPLACE( REGEXREPLACE( SUBSTITUTE(SUBSTITUTE(SUBSTITUTE(SUBSTITUTE(SUBSTITUTE(SUBSTITUTE(SUBSTITUTE(SUBSTITUTE(SUBSTITUTE(SUBSTITUTE(SUBSTITUTE( B7,""√©"",""é""),""√°"",""á""),""√±"",""ñ""),""√≥"",""ó""),""√â"",""é"")"&",""√Å"",""á""),""√ç"",""í""),""√Ç"",""Í""),""√Â"",""é""),""√≠"",""í""),""√º"",""ú""), ""[,\\.√]"",""""), ""\\s+"","" "") )) "),"Cali") -> Cali | N7: =IFERROR(__xludf.DUMMYFUNCTION("SPLIT( TRIM( SUBSTITUTE( SUBSTITUTE( SUBSTITUTE( SUBSTITUTE( C7, ""√©"", ""é"" ), ""√±"", ""ñ"" ), ""√°"", ""á"" ), ""√≥"", ""ó"" ) ), ""-"" ) "),"Teléfono") -> Teléfono | O7: =IFERROR(__xludf.DUMMYFUNCTION("""COMPUTED_VALUE"""),"Gama alta") -> Gama alta | P7: =IFERROR(__xludf.DUMMYFUNCTION("""COMPUTED_VALUE"""),"8GB") -> 8GB | Q7: =IF(ISBLANK(D7),"0",D7) -> 670.67 | R7: =IF(ISBLANK(E7),"Sin datos",E7) -> 4 | S7: =IF(ISBLANK(F7),"0",F7) -> 2682.68 | T7: =IFERROR(__xludf.DUMMYFUNCTION("PROPER(TRIM( LET( texto1, REGEXREPLACE(G7, ""(?i)\b(DR\.?|SRA?\.?|\(A\)|MTRO\.?|LIC\.?|ING\.?)\b"", """"), texto2, REGEXREPLACE(texto1, ""√©|√â|√Â"", ""é""), texto3, REGEXREPLACE(texto2, ""√°|√Å"", ""á""), texto4, REGEXREPLACE(texto3, """&"√±"", ""ñ""), texto5, REGEXREPLACE(texto4, ""√≥"", ""ó""), texto6, REGEXREPLACE(texto5, ""√ç|√≠|√Ç"", ""í""), texto7, REGEXREPLACE(texto6, ""√º"", ""ú""), texto8, REGEXREPLACE(texto7, ""[^A-Za-zÁÉÍÓÚÜÑáéíóúüñ\s]"", """"), texto9, REGEX"&"REPLACE(texto8, ""^[A-Za-zÁÉÍÓÚÜÑáéíóúüñ]\s+"", """"), texto10, IF(REGEXMATCH(texto9, ""(?i)^\s*Jos\s*$""), ""José"", texto9), texto11, REGEXREPLACE(texto10, ""(?i)(eé|ée|ee|éé)+"", ""é""), texto12, REGEXREPLACE(texto11, ""(?i)(aá|áa|aa|áá)+"""&", ""á""), texto13, REGEXREPLACE(texto12, ""(?i)(ií|íi|ii|íí)+"", ""í""), texto14, REGEXREPLACE(texto13, ""(?i)(oó|óo|oo|óó)+"", ""ó""), texto15, REGEXREPLACE(texto14, ""(?i)(uú|úu|uu|úú)+"", ""ú""), texto16, REGEXREPLACE(texto15, ""\s{2,}"&""", "" ""), texto16 ) )) "),"Gabino Conchita Bueno") -> Gabino Conchita Bueno | U7: =I7 -> c46fe29a-c3e5-4c00-b9ea-94b719c84734 | V7: =CONCATENATE(N7," ",O7," ",P7) -> Teléfono Gama alta 8GB
A8: 45627 | B8: Guadalajara | C8: Tablet-Mini-4GB | D8: 1114.1 | E8: 3 | F8: 3342.3 | G8: Karla Pineda Arriaga | H8: acabrera@yahoo.com | I8: 35bff7d1-834a-47b1-8627-e9ce0847bae9 | K8: =IFERROR(__xludf.DUMMYFUNCTION("IF(ISBLANK(A8), """", IF(ISNUMBER(A8), TEXT(A8,""dd/mm/yyyy""), IF( REGEXMATCH(TRIM(A8),""^\d{1,2}/\d{1,2}/\d{4}$""), TRIM(A8), IFERROR( TEXT(DATEVALUE(SUBSTITUTE(SUBSTITUTE(TRIM(A8),""-"",""/""),""."",""/"")),""dd/mm"&"/yyyy""), TRIM(A8) ) ) ) ) "),"01/12/2024") -> 01/12/2024 | L8: 45627 | M8: =IFERROR(__xludf.DUMMYFUNCTION("PROPER(TRIM( REGEXREPLACE( REGEXREPLACE( SUBSTITUTE(SUBSTITUTE(SUBSTITUTE(SUBSTITUTE(SUBSTITUTE(SUBSTITUTE(SUBSTITUTE(SUBSTITUTE(SUBSTITUTE(SUBSTITUTE(SUBSTITUTE( B8,""√©"",""é""),""√°"",""á""),""√±"",""ñ""),""√≥"",""ó""),""√â"",""é"")"&",""√Å"",""á""),""√ç"",""í""),""√Ç"",""Í""),""√Â"",""é""),""√≠"",""í""),""√º"",""ú""), ""[,\\.√]"",""""), ""\\s+"","" "") )) "),"Guadalajara") -> Guadalajara | N8: =IFERROR(__xludf.DUMMYFUNCTION("SPLIT( TRIM( SUBSTITUTE( SUBSTITUTE( SUBSTITUTE( SUBSTITUTE( C8, ""√©"", ""é"" ), ""√±"", ""ñ"" ), ""√°"", ""á"" ), ""√≥"", ""ó"" ) ), ""-"" ) "),"Tablet") -> Tablet | O8: =IFERROR(__xludf.DUMMYFUNCTION("""COMPUTED_VALUE"""),"Mini") -> Mini | P8: =IFERROR(__xludf.DUMMYFUNCTION("""COMPUTED_VALUE"""),"4GB") -> 4GB | Q8: =IF(ISBLANK(D8),"0",D8) -> 1114.1 | R8: =IF(ISBLANK(E8),"Sin datos",E8) -> 3 | S8: =IF(ISBLANK(F8),"0",F8) -> 3342.3 | T8: =IFERROR(__xludf.DUMMYFUNCTION("PROPER(TRIM( LET( texto1, REGEXREPLACE(G8, ""(?i)\b(DR\.?|SRA?\.?|\(A\)|MTRO\.?|LIC\.?|ING\.?)\b"", """"), texto2, REGEXREPLACE(texto1, ""√©|√â|√Â"", ""é""), texto3, REGEXREPLACE(texto2, ""√°|√Å"", ""á""), texto4, REGEXREPLACE(texto3, """&"√±"", ""ñ""), texto5, REGEXREPLACE(texto4, ""√≥"", ""ó""), texto6, REGEXREPLACE(texto5, ""√ç|√≠|√Ç"", ""í""), texto7, REGEXREPLACE(texto6, ""√º"", ""ú""), texto8, REGEXREPLACE(texto7, ""[^A-Za-zÁÉÍÓÚÜÑáéíóúüñ\s]"", """"), texto9, REGEX"&"REPLACE(texto8, ""^[A-Za-zÁÉÍÓÚÜÑáéíóúüñ]\s+"", """"), texto10, IF(REGEXMATCH(texto9, ""(?i)^\s*Jos\s*$""), ""José"", texto9), texto11, REGEXREPLACE(texto10, ""(?i)(eé|ée|ee|éé)+"", ""é""), texto12, REGEXREPLACE(texto11, ""(?i)(aá|áa|aa|áá)+"""&", ""á""), texto13, REGEXREPLACE(texto12, ""(?i)(ií|íi|ii|íí)+"", ""í""), texto14, REGEXREPLACE(texto13, ""(?i)(oó|óo|oo|óó)+"", ""ó""), texto15, REGEXREPLACE(texto14, ""(?i)(uú|úu|uu|úú)+"", ""ú""), texto16, REGEXREPLACE(texto15, ""\s{2,}"&""", "" ""), texto16 ) )) "),"Karla Pineda Arriaga") -> Karla Pineda Arriaga | U8: =I8 -> 35bff7d1-834a-47b1-8627-e9ce0847bae9 | V8: =CONCATENATE(N8," ",O8," ",P8) -> Tablet Mini 4GB
A9: 45636 | B9: Ciudad de M√©xico | C9: Tablet-Pro-8GB | D9: 1001.63 | E9: 3 | F9: 3004.89 | G9: Dr. Rolando Mares | H9: mercadohilda@gmail.com | I9: 5199a25e-ee56-4e1f-9c71-21f24998e8fc | K9: =IFERROR(__xludf.DUMMYFUNCTION("IF(ISBLANK(A9), """", IF(ISNUMBER(A9), TEXT(A9,""dd/mm/yyyy""), IF( REGEXMATCH(TRIM(A9),""^\d{1,2}/\d{1,2}/\d{4}$""), TRIM(A9), IFERROR( TEXT(DATEVALUE(SUBSTITUTE(SUBSTITUTE(TRIM(A9),""-"",""/""),""."",""/"")),""dd/mm"&"/yyyy""), TRIM(A9) ) ) ) ) "),"10/12/2024") -> 10/12/2024 | L9: 45636 | M9: =IFERROR(__xludf.DUMMYFUNCTION("PROPER(TRIM( REGEXREPLACE( REGEXREPLACE( SUBSTITUTE(SUBSTITUTE(SUBSTITUTE(SUBSTITUTE(SUBSTITUTE(SUBSTITUTE(SUBSTITUTE(SUBSTITUTE(SUBSTITUTE(SUBSTITUTE(SUBSTITUTE( B9,""√©"",""é""),""√°"",""á""),""√±"",""ñ""),""√≥"",""ó""),""√â"",""é"")"&",""√Å"",""á""),""√ç"",""í""),""√Ç"",""Í""),""√Â"",""é""),""√≠"",""í""),""√º"",""ú""), ""[,\\.√]"",""""), ""\\s+"","" "") )) "),"Ciudad De México") -> Ciudad De México | N9: =IFERROR(__xludf.DUMMYFUNCTION("SPLIT( TRIM( SUBSTITUTE( SUBSTITUTE( SUBSTITUTE( SUBSTITUTE( C9, ""√©"", ""é"" ), ""√±"", ""ñ"" ), ""√°"", ""á"" ), ""√≥"", ""ó"" ) ), ""-"" ) "),"Tablet") -> Tablet | O9: =IFERROR(__xludf.DUMMYFUNCTION("""COMPUTED_VALUE"""),"Pro") -> Pro | P9: =IFERROR(__xludf.DUMMYFUNCTION("""COMPUTED_VALUE"""),"8GB") -> 8GB | Q9: =IF(ISBLANK(D9),"0",D9) -> 1001.63 | R9: =IF(ISBLANK(E9),"Sin datos",E9) -> 3 | S9: =IF(ISBLANK(F9),"0",F9) -> 3004.89 | T9: =IFERROR(__xludf.DUMMYFUNCTION("PROPER(TRIM( LET( texto1, REGEXREPLACE(G9, ""(?i)\b(DR\.?|SRA?\.?|\(A\)|MTRO\.?|LIC\.?|ING\.?)\b"", """"), texto2, REGEXREPLACE(texto1, ""√©|√â|√Â"", ""é""), texto3, REGEXREPLACE(texto2, ""√°|√Å"", ""á""), texto4, REGEXREPLACE(texto3, """&"√±"", ""ñ""), texto5, REGEXREPLACE(texto4, ""√≥"", ""ó""), texto6, REGEXREPLACE(texto5, ""√ç|√≠|√Ç"", ""í""), texto7, REGEXREPLACE(texto6, ""√º"", ""ú""), texto8, REGEXREPLACE(texto7, ""[^A-Za-zÁÉÍÓÚÜÑáéíóúüñ\s]"", """"), texto9, REGEX"&"REPLACE(texto8, ""^[A-Za-zÁÉÍÓÚÜÑáéíóúüñ]\s+"", """"), texto10, IF(REGEXMATCH(texto9, ""(?i)^\s*Jos\s*$""), ""José"", texto9), texto11, REGEXREPLACE(texto10, ""(?i)(eé|ée|ee|éé)+"", ""é""), texto12, REGEXREPLACE(texto11, ""(?i)(aá|áa|aa|áá)+"""&", ""á""), texto13, REGEXREPLACE(texto12, ""(?i)(ií|íi|ii|íí)+"", ""í""), texto14, REGEXREPLACE(texto13, ""(?i)(oó|óo|oo|óó)+"", ""ó""), texto15, REGEXREPLACE(texto14, ""(?i)(uú|úu|uu|úú)+"", ""ú""), texto16, REGEXREPLACE(texto15, ""\s{2,}"&""", "" ""), texto16 ) )) "),"Rolando Mares") -> Rolando Mares | U9: =I9 -> 5199a25e-ee56-4e1f-9c71-21f24998e8fc | V9: =CONCATENATE(N9," ",O9," ",P9) -> Tablet Pro 8GB
A10: 15/12/2024 | B10: Cali | C10: Laptop-Ultraliviana-16GB | D10: 181.56 | E10: 4 | F10: 726.24 | G10: Virginia Mondrag√≥n | H10: josefina68@proyectos.com | I10: e58774cc-8183-4c21-b23d-1089685c61dd | K10: =IFERROR(__xludf.DUMMYFUNCTION("IF(ISBLANK(A10), """", IF(ISNUMBER(A10), TEXT(A10,""dd/mm/yyyy""), IF( REGEXMATCH(TRIM(A10),""^\d{1,2}/\d{1,2}/\d{4}$""), TRIM(A10), IFERROR( TEXT(DATEVALUE(SUBSTITUTE(SUBSTITUTE(TRIM(A10),""-"",""/""),""."",""/"")),"&"""dd/mm/yyyy""), TRIM(A10) ) ) ) ) "),"15/12/2024") -> 15/12/2024 | L10: 45641 | M10: =IFERROR(__xludf.DUMMYFUNCTION("PROPER(TRIM( REGEXREPLACE( REGEXREPLACE( SUBSTITUTE(SUBSTITUTE(SUBSTITUTE(SUBSTITUTE(SUBSTITUTE(SUBSTITUTE(SUBSTITUTE(SUBSTITUTE(SUBSTITUTE(SUBSTITUTE(SUBSTITUTE( B10,""√©"",""é""),""√°"",""á""),""√±"",""ñ""),""√≥"",""ó""),""√â"",""é"""&"),""√Å"",""á""),""√ç"",""í""),""√Ç"",""Í""),""√Â"",""é""),""√≠"",""í""),""√º"",""ú""), ""[,\\.√]"",""""), ""\\s+"","" "") )) "),"Cali") -> Cali | N10: =IFERROR(__xludf.DUMMYFUNCTION("SPLIT( TRIM( SUBSTITUTE( SUBSTITUTE( SUBSTITUTE( SUBSTITUTE( C10, ""√©"", ""é"" ), ""√±"", ""ñ"" ), ""√°"", ""á"" ), ""√≥"", ""ó"" ) ), ""-"" ) "),"Laptop") -> Laptop | O10: =IFERROR(__xludf.DUMMYFUNCTION("""COMPUTED_VALUE"""),"Ultraliviana") -> Ultraliviana | P10: =IFERROR(__xludf.DUMMYFUNCTION("""COMPUTED_VALUE"""),"16GB") -> 16GB | Q10: =IF(ISBLANK(D10),"0",D10) -> 181.56 | R10: =IF(ISBLANK(E10),"Sin datos",E10) -> 4 | S10: =IF(ISBLANK(F10),"0",F10) -> 726.24 | T10: =IFERROR(__xludf.DUMMYFUNCTION("PROPER(TRIM( LET( texto1, REGEXREPLACE(G10, ""(?i)\b(DR\.?|SRA?\.?|\(A\)|MTRO\.?|LIC\.?|ING\.?)\b"", """"), texto2, REGEXREPLACE(texto1, ""√©|√â|√Â"", ""é""), texto3, REGEXREPLACE(texto2, ""√°|√Å"", ""á""), texto4, REGEXREPLACE(texto3, "&"""√±"", ""ñ""), texto5, REGEXREPLACE(texto4, ""√≥"", ""ó""), texto6, REGEXREPLACE(texto5, ""√ç|√≠|√Ç"", ""í""), texto7, REGEXREPLACE(texto6, ""√º"", ""ú""), texto8, REGEXREPLACE(texto7, ""[^A-Za-zÁÉÍÓÚÜÑáéíóúüñ\s]"", """"), texto9, REG"&"EXREPLACE(texto8, ""^[A-Za-zÁÉÍÓÚÜÑáéíóúüñ]\s+"", """"), texto10, IF(REGEXMATCH(texto9, ""(?i)^\s*Jos\s*$""), ""José"", texto9), texto11, REGEXREPLACE(texto10, ""(?i)(eé|ée|ee|éé)+"", ""é""), texto12, REGEXREPLACE(texto11, ""(?i)(aá|áa|aa|áá)+"&""", ""á""), texto13, REGEXREPLACE(texto12, ""(?i)(ií|íi|ii|íí)+"", ""í""), texto14, REGEXREPLACE(texto13, ""(?i)(oó|óo|oo|óó)+"", ""ó""), texto15, REGEXREPLACE(texto14, ""(?i)(uú|úu|uu|úú)+"", ""ú""), texto16, REGEXREPLACE(texto15, ""\s{2,"&"}"", "" ""), texto16 ) )) "),"Virginia Mondragón") -> Virginia Mondragón | U10: =I10 -> e58774cc-8183-4c21-b23d-1089685c61dd | V10: =CONCATENATE(N10," ",O10," ",P10) -> Laptop Ultraliviana 16GB
A11: 23/12/2024 | B11: GUADALAJARA | C11: Tablet-Mini-4GB | D11: 964.35 | E11: 5 | F11: 4821.75 | G11: Luis Manuel Aldonza Contreras | H11: castilloteodoro@yahoo.com | I11: 4e85609f-8a23-4d99-a616-2f83279d0dc0 | K11: =IFERROR(__xludf.DUMMYFUNCTION("IF(ISBLANK(A11), """", IF(ISNUMBER(A11), TEXT(A11,""dd/mm/yyyy""), IF( REGEXMATCH(TRIM(A11),""^\d{1,2}/\d{1,2}/\d{4}$""), TRIM(A11), IFERROR( TEXT(DATEVALUE(SUBSTITUTE(SUBSTITUTE(TRIM(A11),""-"",""/""),""."",""/"")),"&"""dd/mm/yyyy""), TRIM(A11) ) ) ) ) "),"23/12/2024") -> 23/12/2024 | L11: 45649 | M11: =IFERROR(__xludf.DUMMYFUNCTION("PROPER(TRIM( REGEXREPLACE( REGEXREPLACE( SUBSTITUTE(SUBSTITUTE(SUBSTITUTE(SUBSTITUTE(SUBSTITUTE(SUBSTITUTE(SUBSTITUTE(SUBSTITUTE(SUBSTITUTE(SUBSTITUTE(SUBSTITUTE( B11,""√©"",""é""),""√°"",""á""),""√±"",""ñ""),""√≥"",""ó""),""√â"",""é"""&"),""√Å"",""á""),""√ç"",""í""),""√Ç"",""Í""),""√Â"",""é""),""√≠"",""í""),""√º"",""ú""), ""[,\\.√]"",""""), ""\\s+"","" "") )) "),"Guadalajara") -> Guadalajara | N11: =IFERROR(__xludf.DUMMYFUNCTION("SPLIT( TRIM( SUBSTITUTE( SUBSTITUTE( SUBSTITUTE( SUBSTITUTE( C11, ""√©"", ""é"" ), ""√±"", ""ñ"" ), ""√°"", ""á"" ), ""√≥"", ""ó"" ) ), ""-"" ) "),"Tablet") -> Tablet | O11: =IFERROR(__xludf.DUMMYFUNCTION("""COMPUTED_VALUE"""),"Mini") -> Mini | P11: =IFERROR(__xludf.DUMMYFUNCTION("""COMPUTED_VALUE"""),"4GB") -> 4GB | Q11: =IF(ISBLANK(D11),"0",D11) -> 964.35 | R11: =IF(ISBLANK(E11),"Sin datos",E11) -> 5 | S11: =IF(ISBLANK(F11),"0",F11) -> 4821.75 | T11: =IFERROR(__xludf.DUMMYFUNCTION("PROPER(TRIM( LET( texto1, REGEXREPLACE(G11, ""(?i)\b(DR\.?|SRA?\.?|\(A\)|MTRO\.?|LIC\.?|ING\.?)\b"", """"), texto2, REGEXREPLACE(texto1, ""√©|√â|√Â"", ""é""), texto3, REGEXREPLACE(texto2, ""√°|√Å"", ""á""), texto4, REGEXREPLACE(texto3, "&"""√±"", ""ñ""), texto5, REGEXREPLACE(texto4, ""√≥"", ""ó""), texto6, REGEXREPLACE(texto5, ""√ç|√≠|√Ç"", ""í""), texto7, REGEXREPLACE(texto6, ""√º"", ""ú""), texto8, REGEXREPLACE(texto7, ""[^A-Za-zÁÉÍÓÚÜÑáéíóúüñ\s]"", """"), texto9, REG"&"EXREPLACE(texto8, ""^[A-Za-zÁÉÍÓÚÜÑáéíóúüñ]\s+"", """"), texto10, IF(REGEXMATCH(texto9, ""(?i)^\s*Jos\s*$""), ""José"", texto9), texto11, REGEXREPLACE(texto10, ""(?i)(eé|ée|ee|éé)+"", ""é""), texto12, REGEXREPLACE(texto11, ""(?i)(aá|áa|aa|áá)+"&""", ""á""), texto13, REGEXREPLACE(texto12, ""(?i)(ií|íi|ii|íí)+"", ""í""), texto14, REGEXREPLACE(texto13, ""(?i)(oó|óo|oo|óó)+"", ""ó""), texto15, REGEXREPLACE(texto14, ""(?i)(uú|úu|uu|úú)+"", ""ú""), texto16, REGEXREPLACE(texto15, ""\s{2,"&"}"", "" ""), texto16 ) )) "),"Luis Manuel Aldonza Contreras") -> Luis Manuel Aldonza Contreras | U11: =I11 -> 4e85609f-8a23-4d99-a616-2f83279d0dc0 | V11: =CONCATENATE(N11," ",O11," ",P11) -> Tablet Mini 4GB
A12: 45574 | B12: Bogotá | C12: Auriculares-Bluetooth-16GB | D12: 120.46 | E12: 1 | F12: 120.46 | G12: Indira Guadalupe Montez Alcaraz | H12: brivera@club.com | I12: a076e80e-95f4-4b8d-8e0e-af032fd3e7e3 | K12: =IFERROR(__xludf.DUMMYFUNCTION("IF(ISBLANK(A12), """", IF(ISNUMBER(A12), TEXT(A12,""dd/mm/yyyy""), IF( REGEXMATCH(TRIM(A12),""^\d{1,2}/\d{1,2}/\d{4}$""), TRIM(A12), IFERROR( TEXT(DATEVALUE(SUBSTITUTE(SUBSTITUTE(TRIM(A12),""-"",""/""),""."",""/"")),"&"""dd/mm/yyyy""), TRIM(A12) ) ) ) ) "),"09/10/2024") -> 09/10/2024 | L12: 45574 | M12: =IFERROR(__xludf.DUMMYFUNCTION("PROPER(TRIM( REGEXREPLACE( REGEXREPLACE( SUBSTITUTE(SUBSTITUTE(SUBSTITUTE(SUBSTITUTE(SUBSTITUTE(SUBSTITUTE(SUBSTITUTE(SUBSTITUTE(SUBSTITUTE(SUBSTITUTE(SUBSTITUTE( B12,""√©"",""é""),""√°"",""á""),""√±"",""ñ""),""√≥"",""ó""),""√â"",""é"""&"),""√Å"",""á""),""√ç"",""í""),""√Ç"",""Í""),""√Â"",""é""),""√≠"",""í""),""√º"",""ú""), ""[,\\.√]"",""""), ""\\s+"","" "") )) "),"Bogotá") -> Bogotá | N12: =IFERROR(__xludf.DUMMYFUNCTION("SPLIT( TRIM( SUBSTITUTE( SUBSTITUTE( SUBSTITUTE( SUBSTITUTE( C12, ""√©"", ""é"" ), ""√±"", ""ñ"" ), ""√°"", ""á"" ), ""√≥"", ""ó"" ) ), ""-"" ) "),"Auriculares") -> Auriculares | O12: =IFERROR(__xludf.DUMMYFUNCTION("""COMPUTED_VALUE"""),"Bluetooth") -> Bluetooth | P12: =IFERROR(__xludf.DUMMYFUNCTION("""COMPUTED_VALUE"""),"16GB") -> 16GB | Q12: =IF(ISBLANK(D12),"0",D12) -> 120.46 | R12: =IF(ISBLANK(E12),"Sin datos",E12) -> 1 | S12: =IF(ISBLANK(F12),"0",F12) -> 120.46 | T12: =IFERROR(__xludf.DUMMYFUNCTION("PROPER(TRIM( LET( texto1, REGEXREPLACE(G12, ""(?i)\b(DR\.?|SRA?\.?|\(A\)|MTRO\.?|LIC\.?|ING\.?)\b"", """"), texto2, REGEXREPLACE(texto1, ""√©|√â|√Â"", ""é""), texto3, REGEXREPLACE(texto2, ""√°|√Å"", ""á""), texto4, REGEXREPLACE(texto3, "&"""√±"", ""ñ""), texto5, REGEXREPLACE(texto4, ""√≥"", ""ó""), texto6, REGEXREPLACE(texto5, ""√ç|√≠|√Ç"", ""í""), texto7, REGEXREPLACE(texto6, ""√º"", ""ú""), texto8, REGEXREPLACE(texto7, ""[^A-Za-zÁÉÍÓÚÜÑáéíóúüñ\s]"", """"), texto9, REG"&"EXREPLACE(texto8, ""^[A-Za-zÁÉÍÓÚÜÑáéíóúüñ]\s+"", """"), texto10, IF(REGEXMATCH(texto9, ""(?i)^\s*Jos\s*$""), ""José"", texto9), texto11, REGEXREPLACE(texto10, ""(?i)(eé|ée|ee|éé)+"", ""é""), texto12, REGEXREPLACE(texto11, ""(?i)(aá|áa|aa|áá)+"&""", ""á""), texto13, REGEXREPLACE(texto12, ""(?i)(ií|íi|ii|íí)+"", ""í""), texto14, REGEXREPLACE(texto13, ""(?i)(oó|óo|oo|óó)+"", ""ó""), texto15, REGEXREPLACE(texto14, ""(?i)(uú|úu|uu|úú)+"", ""ú""), texto16, REGEXREPLACE(texto15, ""\s{2,"&"}"", "" ""), texto16 ) )) "),"Indira Guadalupe Montez Alcaraz") -> Indira Guadalupe Montez Alcaraz | U12: =I12 -> a076e80e-95f4-4b8d-8e0e-af032fd3e7e3 | V12: =CONCATENATE(N12," ",O12," ",P12) -> Auriculares Bluetooth 16GB
A13: 45621 | B13: Medellín | C13: Auriculares-Con cable-16GB | D13: 1061.61 | E13: 1 | F13: 1061.61 | G13: Lic. Luz de la Garza | H13: esparta94@gmail.com | I13: b76b9aa0-31e3-4e6d-905f-d7fc227d629a | K13: =IFERROR(__xludf.DUMMYFUNCTION("IF(ISBLANK(A13), """", IF(ISNUMBER(A13), TEXT(A13,""dd/mm/yyyy""), IF( REGEXMATCH(TRIM(A13),""^\d{1,2}/\d{1,2}/\d{4}$""), TRIM(A13), IFERROR( TEXT(DATEVALUE(SUBSTITUTE(SUBSTITUTE(TRIM(A13),""-"",""/""),""."",""/"")),"&"""dd/mm/yyyy""), TRIM(A13) ) ) ) ) "),"25/11/2024") -> 25/11/2024 | L13: 45621 | M13: =IFERROR(__xludf.DUMMYFUNCTION("PROPER(TRIM( REGEXREPLACE( REGEXREPLACE( SUBSTITUTE(SUBSTITUTE(SUBSTITUTE(SUBSTITUTE(SUBSTITUTE(SUBSTITUTE(SUBSTITUTE(SUBSTITUTE(SUBSTITUTE(SUBSTITUTE(SUBSTITUTE( B13,""√©"",""é""),""√°"",""á""),""√±"",""ñ""),""√≥"",""ó""),""√â"",""é"""&"),""√Å"",""á""),""√ç"",""í""),""√Ç"",""Í""),""√Â"",""é""),""√≠"",""í""),""√º"",""ú""), ""[,\\.√]"",""""), ""\\s+"","" "") )) "),"Medellín") -> Medellín | N13: =IFERROR(__xludf.DUMMYFUNCTION("SPLIT( TRIM( SUBSTITUTE( SUBSTITUTE( SUBSTITUTE( SUBSTITUTE( C13, ""√©"", ""é"" ), ""√±"", ""ñ"" ), ""√°"", ""á"" ), ""√≥"", ""ó"" ) ), ""-"" ) "),"Auriculares") -> Auriculares | O13: =IFERROR(__xludf.DUMMYFUNCTION("""COMPUTED_VALUE"""),"Con cable") -> Con cable | P13: =IFERROR(__xludf.DUMMYFUNCTION("""COMPUTED_VALUE"""),"16GB") -> 16GB | Q13: =IF(ISBLANK(D13),"0",D13) -> 1061.61 | R13: =IF(ISBLANK(E13),"Sin datos",E13) -> 1 | S13: =IF(ISBLANK(F13),"0",F13) -> 1061.61 | T13: =IFERROR(__xludf.DUMMYFUNCTION("PROPER(TRIM( LET( texto1, REGEXREPLACE(G13, ""(?i)\b(DR\.?|SRA?\.?|\(A\)|MTRO\.?|LIC\.?|ING\.?)\b"", """"), texto2, REGEXREPLACE(texto1, ""√©|√â|√Â"", ""é""), texto3, REGEXREPLACE(texto2, ""√°|√Å"", ""á""), texto4, REGEXREPLACE(texto3, "&"""√±"", ""ñ""), texto5, REGEXREPLACE(texto4, ""√≥"", ""ó""), texto6, REGEXREPLACE(texto5, ""√ç|√≠|√Ç"", ""í""), texto7, REGEXREPLACE(texto6, ""√º"", ""ú""), texto8, REGEXREPLACE(texto7, ""[^A-Za-zÁÉÍÓÚÜÑáéíóúüñ\s]"", """"), texto9, REG"&"EXREPLACE(texto8, ""^[A-Za-zÁÉÍÓÚÜÑáéíóúüñ]\s+"", """"), texto10, IF(REGEXMATCH(texto9, ""(?i)^\s*Jos\s*$""), ""José"", texto9), texto11, REGEXREPLACE(texto10, ""(?i)(eé|ée|ee|éé)+"", ""é""), texto12, REGEXREPLACE(texto11, ""(?i)(aá|áa|aa|áá)+"&""", ""á""), texto13, REGEXREPLACE(texto12, ""(?i)(ií|íi|ii|íí)+"", ""í""), texto14, REGEXREPLACE(texto13, ""(?i)(oó|óo|oo|óó)+"", ""ó""), texto15, REGEXREPLACE(texto14, ""(?i)(uú|úu|uu|úú)+"", ""ú""), texto16, REGEXREPLACE(texto15, ""\s{2,"&"}"", "" ""), texto16 ) )) "),"Luz De La Garza") -> Luz De La Garza | U13: =I13 -> b76b9aa0-31e3-4e6d-905f-d7fc227d629a | V13: =CONCATENATE(N13," ",O13," ",P13) -> Auriculares Con cable 16GB
A14: 19/12/2024 | B14: Cali | C14: Tablet-Pro-4GB | D14: 2440.84 | E14: 5 | F14: 12204.2 | G14: Sr(a). Karla Mateo | H14: reynaldo65@esparza.com | I14: fde0973c-ba07-4b7c-b196-f9743e17466a | K14: =IFERROR(__xludf.DUMMYFUNCTION("IF(ISBLANK(A14), """", IF(ISNUMBER(A14), TEXT(A14,""dd/mm/yyyy""), IF( REGEXMATCH(TRIM(A14),""^\d{1,2}/\d{1,2}/\d{4}$""), TRIM(A14), IFERROR( TEXT(DATEVALUE(SUBSTITUTE(SUBSTITUTE(TRIM(A14),""-"",""/""),""."",""/"")),"&"""dd/mm/yyyy""), TRIM(A14) ) ) ) ) "),"19/12/2024") -> 19/12/2024 | L14: 45645 | M14: =IFERROR(__xludf.DUMMYFUNCTION("PROPER(TRIM( REGEXREPLACE( REGEXREPLACE( SUBSTITUTE(SUBSTITUTE(SUBSTITUTE(SUBSTITUTE(SUBSTITUTE(SUBSTITUTE(SUBSTITUTE(SUBSTITUTE(SUBSTITUTE(SUBSTITUTE(SUBSTITUTE( B14,""√©"",""é""),""√°"",""á""),""√±"",""ñ""),""√≥"",""ó""),""√â"",""é"""&"),""√Å"",""á""),""√ç"",""í""),""√Ç"",""Í""),""√Â"",""é""),""√≠"",""í""),""√º"",""ú""), ""[,\\.√]"",""""), ""\\s+"","" "") )) "),"Cali") -> Cali | N14: =IFERROR(__xludf.DUMMYFUNCTION("SPLIT( TRIM( SUBSTITUTE( SUBSTITUTE( SUBSTITUTE( SUBSTITUTE( C14, ""√©"", ""é"" ), ""√±"", ""ñ"" ), ""√°"", ""á"" ), ""√≥"", ""ó"" ) ), ""-"" ) "),"Tablet") -> Tablet | O14: =IFERROR(__xludf.DUMMYFUNCTION("""COMPUTED_VALUE"""),"Pro") -> Pro | P14: =IFERROR(__xludf.DUMMYFUNCTION("""COMPUTED_VALUE"""),"4GB") -> 4GB | Q14: =IF(ISBLANK(D14),"0",D14) -> 2440.84 | R14: =IF(ISBLANK(E14),"Sin datos",E14) -> 5 | S14: =IF(ISBLANK(F14),"0",F14) -> 12204.2 | T14: =IFERROR(__xludf.DUMMYFUNCTION("PROPER(TRIM( LET( texto1, REGEXREPLACE(G14, ""(?i)\b(DR\.?|SRA?\.?|\(A\)|MTRO\.?|LIC\.?|ING\.?)\b"", """"), texto2, REGEXREPLACE(texto1, ""√©|√â|√Â"", ""é""), texto3, REGEXREPLACE(texto2, ""√°|√Å"", ""á""), texto4, REGEXREPLACE(texto3, "&"""√±"", ""ñ""), texto5, REGEXREPLACE(texto4, ""√≥"", ""ó""), texto6, REGEXREPLACE(texto5, ""√ç|√≠|√Ç"", ""í""), texto7, REGEXREPLACE(texto6, ""√º"", ""ú""), texto8, REGEXREPLACE(texto7, ""[^A-Za-zÁÉÍÓÚÜÑáéíóúüñ\s]"", """"), texto9, REG"&"EXREPLACE(texto8, ""^[A-Za-zÁÉÍÓÚÜÑáéíóúüñ]\s+"", """"), texto10, IF(REGEXMATCH(texto9, ""(?i)^\s*Jos\s*$""), ""José"", texto9), texto11, REGEXREPLACE(texto10, ""(?i)(eé|ée|ee|éé)+"", ""é""), texto12, REGEXREPLACE(texto11, ""(?i)(aá|áa|aa|áá)+"&""", ""á""), texto13, REGEXREPLACE(texto12, ""(?i)(ií|íi|ii|íí)+"", ""í""), texto14, REGEXREPLACE(texto13, ""(?i)(oó|óo|oo|óó)+"", ""ó""), texto15, REGEXREPLACE(texto14, ""(?i)(uú|úu|uu|úú)+"", ""ú""), texto16, REGEXREPLACE(texto15, ""\s{2,"&"}"", "" ""), texto16 ) )) "),"Karla Mateo") -> Karla Mateo | U14: =I14 -> fde0973c-ba07-4b7c-b196-f9743e17466a | V14: =CONCATENATE(N14," ",O14," ",P14) -> Tablet Pro 4GB
A15: 45586 | B15: Monterrey | C15: Teléfono-Gama baja-16GB | D15: 121.68 | E15: 2 | F15: 243.36 | G15: Abril Julio T√≥rrez Segovia | H15: xsaenz@hotmail.com | I15: 0281b754-3298-47cb-85b3-b7e7a8c57bab | K15: =IFERROR(__xludf.DUMMYFUNCTION("IF(ISBLANK(A15), """", IF(ISNUMBER(A15), TEXT(A15,""dd/mm/yyyy""), IF( REGEXMATCH(TRIM(A15),""^\d{1,2}/\d{1,2}/\d{4}$""), TRIM(A15), IFERROR( TEXT(DATEVALUE(SUBSTITUTE(SUBSTITUTE(TRIM(A15),""-"",""/""),""."",""/"")),"&"""dd/mm/yyyy""), TRIM(A15) ) ) ) ) "),"21/10/2024") -> 21/10/2024 | L15: 45586 | M15: =IFERROR(__xludf.DUMMYFUNCTION("PROPER(TRIM( REGEXREPLACE( REGEXREPLACE( SUBSTITUTE(SUBSTITUTE(SUBSTITUTE(SUBSTITUTE(SUBSTITUTE(SUBSTITUTE(SUBSTITUTE(SUBSTITUTE(SUBSTITUTE(SUBSTITUTE(SUBSTITUTE( B15,""√©"",""é""),""√°"",""á""),""√±"",""ñ""),""√≥"",""ó""),""√â"",""é"""&"),""√Å"",""á""),""√ç"",""í""),""√Ç"",""Í""),""√Â"",""é""),""√≠"",""í""),""√º"",""ú""), ""[,\\.√]"",""""), ""\\s+"","" "") )) "),"Monterrey") -> Monterrey | N15: =IFERROR(__xludf.DUMMYFUNCTION("SPLIT( TRIM( SUBSTITUTE( SUBSTITUTE( SUBSTITUTE( SUBSTITUTE( C15, ""√©"", ""é"" ), ""√±"", ""ñ"" ), ""√°"", ""á"" ), ""√≥"", ""ó"" ) ), ""-"" ) "),"Teléfono") -> Teléfono | O15: =IFERROR(__xludf.DUMMYFUNCTION("""COMPUTED_VALUE"""),"Gama baja") -> Gama baja | P15: =IFERROR(__xludf.DUMMYFUNCTION("""COMPUTED_VALUE"""),"16GB") -> 16GB | Q15: =IF(ISBLANK(D15),"0",D15) -> 121.68 | R15: =IF(ISBLANK(E15),"Sin datos",E15) -> 2 | S15: =IF(ISBLANK(F15),"0",F15) -> 243.36 | T15: =IFERROR(__xludf.DUMMYFUNCTION("PROPER(TRIM( LET( texto1, REGEXREPLACE(G15, ""(?i)\b(DR\.?|SRA?\.?|\(A\)|MTRO\.?|LIC\.?|ING\.?)\b"", """"), texto2, REGEXREPLACE(texto1, ""√©|√â|√Â"", ""é""), texto3, REGEXREPLACE(texto2, ""√°|√Å"", ""á""), texto4, REGEXREPLACE(texto3, "&"""√±"", ""ñ""), texto5, REGEXREPLACE(texto4, ""√≥"", ""ó""), texto6, REGEXREPLACE(texto5, ""√ç|√≠|√Ç"", ""í""), texto7, REGEXREPLACE(texto6, ""√º"", ""ú""), texto8, REGEXREPLACE(texto7, ""[^A-Za-zÁÉÍÓÚÜÑáéíóúüñ\s]"", """"), texto9, REG"&"EXREPLACE(texto8, ""^[A-Za-zÁÉÍÓÚÜÑáéíóúüñ]\s+"", """"), texto10, IF(REGEXMATCH(texto9, ""(?i)^\s*Jos\s*$""), ""José"", texto9), texto11, REGEXREPLACE(texto10, ""(?i)(eé|ée|ee|éé)+"", ""é""), texto12, REGEXREPLACE(texto11, ""(?i)(aá|áa|aa|áá)+"&""", ""á""), texto13, REGEXREPLACE(texto12, ""(?i)(ií|íi|ii|íí)+"", ""í""), texto14, REGEXREPLACE(texto13, ""(?i)(oó|óo|oo|óó)+"", ""ó""), texto15, REGEXREPLACE(texto14, ""(?i)(uú|úu|uu|úú)+"", ""ú""), texto16, REGEXREPLACE(texto15, ""\s{2,"&"}"", "" ""), texto16 ) )) "),"Abril Julio Tórrez Segovia") -> Abril Julio Tórrez Segovia | U15: =I15 -> 0281b754-3298-47cb-85b3-b7e7a8c57bab | V15: =CONCATENATE(N15," ",O15," ",P15) -> Teléfono Gama baja 16GB
A16: 45626 | B16: Guadalajara | C16: Tablet-Pro-32GB | D16: 1109.64 | E16: 3 | G16: Ing. Esteban Curiel | H16: juliavergara@barraza.info | I16: 6d6dc8da-1c46-48a9-9864-d6731b144bc7 | K16: =IFERROR(__xludf.DUMMYFUNCTION("IF(ISBLANK(A16), """", IF(ISNUMBER(A16), TEXT(A16,""dd/mm/yyyy""), IF( REGEXMATCH(TRIM(A16),""^\d{1,2}/\d{1,2}/\d{4}$""), TRIM(A16), IFERROR( TEXT(DATEVALUE(SUBSTITUTE(SUBSTITUTE(TRIM(A16),""-"",""/""),""."",""/"")),"&"""dd/mm/yyyy""), TRIM(A16) ) ) ) ) "),"30/11/2024") -> 30/11/2024 | L16: 45626 | M16: =IFERROR(__xludf.DUMMYFUNCTION("PROPER(TRIM( REGEXREPLACE( REGEXREPLACE( SUBSTITUTE(SUBSTITUTE(SUBSTITUTE(SUBSTITUTE(SUBSTITUTE(SUBSTITUTE(SUBSTITUTE(SUBSTITUTE(SUBSTITUTE(SUBSTITUTE(SUBSTITUTE( B16,""√©"",""é""),""√°"",""á""),""√±"",""ñ""),""√≥"",""ó""),""√â"",""é"""&"),""√Å"",""á""),""√ç"",""í""),""√Ç"",""Í""),""√Â"",""é""),""√≠"",""í""),""√º"",""ú""), ""[,\\.√]"",""""), ""\\s+"","" "") )) "),"Guadalajara") -> Guadalajara | N16: =IFERROR(__xludf.DUMMYFUNCTION("SPLIT( TRIM( SUBSTITUTE( SUBSTITUTE( SUBSTITUTE( SUBSTITUTE( C16, ""√©"", ""é"" ), ""√±"", ""ñ"" ), ""√°"", ""á"" ), ""√≥"", ""ó"" ) ), ""-"" ) "),"Tablet") -> Tablet | O16: =IFERROR(__xludf.DUMMYFUNCTION("""COMPUTED_VALUE"""),"Pro") -> Pro | P16: =IFERROR(__xludf.DUMMYFUNCTION("""COMPUTED_VALUE"""),"32GB") -> 32GB | Q16: =IF(ISBLANK(D16),"0",D16) -> 1109.64 | R16: =IF(ISBLANK(E16),"Sin datos",E16) -> 3 | S16: =IF(ISBLANK(F16),"0",F16) -> 0 | T16: =IFERROR(__xludf.DUMMYFUNCTION("PROPER(TRIM( LET( texto1, REGEXREPLACE(G16, ""(?i)\b(DR\.?|SRA?\.?|\(A\)|MTRO\.?|LIC\.?|ING\.?)\b"", """"), texto2, REGEXREPLACE(texto1, ""√©|√â|√Â"", ""é""), texto3, REGEXREPLACE(texto2, ""√°|√Å"", ""á""), texto4, REGEXREPLACE(texto3, "&"""√±"", ""ñ""), texto5, REGEXREPLACE(texto4, ""√≥"", ""ó""), texto6, REGEXREPLACE(texto5, ""√ç|√≠|√Ç"", ""í""), texto7, REGEXREPLACE(texto6, ""√º"", ""ú""), texto8, REGEXREPLACE(texto7, ""[^A-Za-zÁÉÍÓÚÜÑáéíóúüñ\s]"", """"), texto9, REG"&"EXREPLACE(texto8, ""^[A-Za-zÁÉÍÓÚÜÑáéíóúüñ]\s+"", """"), texto10, IF(REGEXMATCH(texto9, ""(?i)^\s*Jos\s*$""), ""José"", texto9), texto11, REGEXREPLACE(texto10, ""(?i)(eé|ée|ee|éé)+"", ""é""), texto12, REGEXREPLACE(texto11, ""(?i)(aá|áa|aa|áá)+"&""", ""á""), texto13, REGEXREPLACE(texto12, ""(?i)(ií|íi|ii|íí)+"", ""í""), texto14, REGEXREPLACE(texto13, ""(?i)(oó|óo|oo|óó)+"", ""ó""), texto15, REGEXREPLACE(texto14, ""(?i)(uú|úu|uu|úú)+"", ""ú""), texto16, REGEXREPLACE(texto15, ""\s{2,"&"}"", "" ""), texto16 ) )) "),"Esteban Curiel") -> Esteban Curiel | U16: =I16 -> 6d6dc8da-1c46-48a9-9864-d6731b144bc7 | V16: =CONCATENATE(N16," ",O16," ",P16) -> Tablet Pro 32GB
A17: 45631 | B17: Guadalajara | C17: Tablet-Mini-32GB | D17: 2246.48 | E17: 1 | F17: 2246.48 | G17: Hilda M√≥nica Acu√±a Zedillo | H17: lhidalgo@yahoo.com | I17: 6d865eac-7ee1-4c9f-bf09-98a0163a585b | K17: =IFERROR(__xludf.DUMMYFUNCTION("IF(ISBLANK(A17), """", IF(ISNUMBER(A17), TEXT(A17,""dd/mm/yyyy""), IF( REGEXMATCH(TRIM(A17),""^\d{1,2}/\d{1,2}/\d{4}$""), TRIM(A17), IFERROR( TEXT(DATEVALUE(SUBSTITUTE(SUBSTITUTE(TRIM(A17),""-"",""/""),""."",""/"")),"&"""dd/mm/yyyy""), TRIM(A17) ) ) ) ) "),"05/12/2024") -> 05/12/2024 | L17: 45631 | M17: =IFERROR(__xludf.DUMMYFUNCTION("PROPER(TRIM( REGEXREPLACE( REGEXREPLACE( SUBSTITUTE(SUBSTITUTE(SUBSTITUTE(SUBSTITUTE(SUBSTITUTE(SUBSTITUTE(SUBSTITUTE(SUBSTITUTE(SUBSTITUTE(SUBSTITUTE(SUBSTITUTE( B17,""√©"",""é""),""√°"",""á""),""√±"",""ñ""),""√≥"",""ó""),""√â"",""é"""&"),""√Å"",""á""),""√ç"",""í""),""√Ç"",""Í""),""√Â"",""é""),""√≠"",""í""),""√º"",""ú""), ""[,\\.√]"",""""), ""\\s+"","" "") )) "),"Guadalajara") -> Guadalajara | N17: =IFERROR(__xludf.DUMMYFUNCTION("SPLIT( TRIM( SUBSTITUTE( SUBSTITUTE( SUBSTITUTE( SUBSTITUTE( C17, ""√©"", ""é"" ), ""√±"", ""ñ"" ), ""√°"", ""á"" ), ""√≥"", ""ó"" ) ), ""-"" ) "),"Tablet") -> Tablet | O17: =IFERROR(__xludf.DUMMYFUNCTION("""COMPUTED_VALUE"""),"Mini") -> Mini | P17: =IFERROR(__xludf.DUMMYFUNCTION("""COMPUTED_VALUE"""),"32GB") -> 32GB | Q17: =IF(ISBLANK(D17),"0",D17) -> 2246.48 | R17: =IF(ISBLANK(E17),"Sin datos",E17) -> 1 | S17: =IF(ISBLANK(F17),"0",F17) -> 2246.48 | T17: =IFERROR(__xludf.DUMMYFUNCTION("PROPER(TRIM( LET( texto1, REGEXREPLACE(G17, ""(?i)\b(DR\.?|SRA?\.?|\(A\)|MTRO\.?|LIC\.?|ING\.?)\b"", """"), texto2, REGEXREPLACE(texto1, ""√©|√â|√Â"", ""é""), texto3, REGEXREPLACE(texto2, ""√°|√Å"", ""á""), texto4, REGEXREPLACE(texto3, "&"""√±"", ""ñ""), texto5, REGEXREPLACE(texto4, ""√≥"", ""ó""), texto6, REGEXREPLACE(texto5, ""√ç|√≠|√Ç"", ""í""), texto7, REGEXREPLACE(texto6, ""√º"", ""ú""), texto8, REGEXREPLACE(texto7, ""[^A-Za-zÁÉÍÓÚÜÑáéíóúüñ\s]"", """"), texto9, REG"&"EXREPLACE(texto8, ""^[A-Za-zÁÉÍÓÚÜÑáéíóúüñ]\s+"", """"), texto10, IF(REGEXMATCH(texto9, ""(?i)^\s*Jos\s*$""), ""José"", texto9), texto11, REGEXREPLACE(texto10, ""(?i)(eé|ée|ee|éé)+"", ""é""), texto12, REGEXREPLACE(texto11, ""(?i)(aá|áa|aa|áá)+"&""", ""á""), texto13, REGEXREPLACE(texto12, ""(?i)(ií|íi|ii|íí)+"", ""í""), texto14, REGEXREPLACE(texto13, ""(?i)(oó|óo|oo|óó)+"", ""ó""), texto15, REGEXREPLACE(texto14, ""(?i)(uú|úu|uu|úú)+"", ""ú""), texto16, REGEXREPLACE(texto15, ""\s{2,"&"}"", "" ""), texto16 ) )) "),"Hilda Mónica Acuña Zedillo") -> Hilda Mónica Acuña Zedillo | U17: =I17 -> 6d865eac-7ee1-4c9f-bf09-98a0163a585b | V17: =CONCATENATE(N17," ",O17," ",P17) -> Tablet Mini 32GB
A18: 22/10/2024 | B18: Bogotá | C18: Auriculares-Cancelación de ruido-4GB | D18: 129.07 | E18: 4 | F18: 516.28 | G18: Iv√°n Sanches Vallejo | H18: reinaenriquez@sarabia-badillo.com | I18: 166ba421-1a83-493d-b4f5-5832605721e4 | K18: =IFERROR(__xludf.DUMMYFUNCTION("IF(ISBLANK(A18), """", IF(ISNUMBER(A18), TEXT(A18,""dd/mm/yyyy""), IF( REGEXMATCH(TRIM(A18),""^\d{1,2}/\d{1,2}/\d{4}$""), TRIM(A18), IFERROR( TEXT(DATEVALUE(SUBSTITUTE(SUBSTITUTE(TRIM(A18),""-"",""/""),""."",""/"")),"&"""dd/mm/yyyy""), TRIM(A18) ) ) ) ) "),"22/10/2024") -> 22/10/2024 | L18: 45587 | M18: =IFERROR(__xludf.DUMMYFUNCTION("PROPER(TRIM( REGEXREPLACE( REGEXREPLACE( SUBSTITUTE(SUBSTITUTE(SUBSTITUTE(SUBSTITUTE(SUBSTITUTE(SUBSTITUTE(SUBSTITUTE(SUBSTITUTE(SUBSTITUTE(SUBSTITUTE(SUBSTITUTE( B18,""√©"",""é""),""√°"",""á""),""√±"",""ñ""),""√≥"",""ó""),""√â"",""é"""&"),""√Å"",""á""),""√ç"",""í""),""√Ç"",""Í""),""√Â"",""é""),""√≠"",""í""),""√º"",""ú""), ""[,\\.√]"",""""), ""\\s+"","" "") )) "),"Bogotá") -> Bogotá | N18: =IFERROR(__xludf.DUMMYFUNCTION("SPLIT( TRIM( SUBSTITUTE( SUBSTITUTE( SUBSTITUTE( SUBSTITUTE( C18, ""√©"", ""é"" ), ""√±"", ""ñ"" ), ""√°"", ""á"" ), ""√≥"", ""ó"" ) ), ""-"" ) "),"Auriculares") -> Auriculares | O18: =IFERROR(__xludf.DUMMYFUNCTION("""COMPUTED_VALUE"""),"Cancelación de ruido") -> Cancelación de ruido | P18: =IFERROR(__xludf.DUMMYFUNCTION("""COMPUTED_VALUE"""),"4GB") -> 4GB | Q18: =IF(ISBLANK(D18),"0",D18) -> 129.07 | R18: =IF(ISBLANK(E18),"Sin datos",E18) -> 4 | S18: =IF(ISBLANK(F18),"0",F18) -> 516.28 | T18: =IFERROR(__xludf.DUMMYFUNCTION("PROPER(TRIM( LET( texto1, REGEXREPLACE(G18, ""(?i)\b(DR\.?|SRA?\.?|\(A\)|MTRO\.?|LIC\.?|ING\.?)\b"", """"), texto2, REGEXREPLACE(texto1, ""√©|√â|√Â"", ""é""), texto3, REGEXREPLACE(texto2, ""√°|√Å"", ""á""), texto4, REGEXREPLACE(texto3, "&"""√±"", ""ñ""), texto5, REGEXREPLACE(texto4, ""√≥"", ""ó""), texto6, REGEXREPLACE(texto5, ""√ç|√≠|√Ç"", ""í""), texto7, REGEXREPLACE(texto6, ""√º"", ""ú""), texto8, REGEXREPLACE(texto7, ""[^A-Za-zÁÉÍÓÚÜÑáéíóúüñ\s]"", """"), texto9, REG"&"EXREPLACE(texto8, ""^[A-Za-zÁÉÍÓÚÜÑáéíóúüñ]\s+"", """"), texto10, IF(REGEXMATCH(texto9, ""(?i)^\s*Jos\s*$""), ""José"", texto9), texto11, REGEXREPLACE(texto10, ""(?i)(eé|ée|ee|éé)+"", ""é""), texto12, REGEXREPLACE(texto11, ""(?i)(aá|áa|aa|áá)+"&""", ""á""), texto13, REGEXREPLACE(texto12, ""(?i)(ií|íi|ii|íí)+"", ""í""), texto14, REGEXREPLACE(texto13, ""(?i)(oó|óo|oo|óó)+"", ""ó""), texto15, REGEXREPLACE(texto14, ""(?i)(uú|úu|uu|úú)+"", ""ú""), texto16, REGEXREPLACE(texto15, ""\s{2,"&"}"", "" ""), texto16 ) )) "),"Iván Sanches Vallejo") -> Iván Sanches Vallejo | U18: =I18 -> 166ba421-1a83-493d-b4f5-5832605721e4 | V18: =CONCATENATE(N18," ",O18," ",P18) -> Auriculares Cancelación de ruido 4GB
A19: 45654 | B19: Monterrey | C19: Auriculares-Bluetooth-16GB | D19: 1724.31 | E19: 2 | F19: 3448.62 | G19: Alejandra Rold√°n | H19: almafajardo@proyectos.com | I19: 530801f5-4c88-4d00-b297-5944ebece83d | K19: =IFERROR(__xludf.DUMMYFUNCTION("IF(ISBLANK(A19), """", IF(ISNUMBER(A19), TEXT(A19,""dd/mm/yyyy""), IF( REGEXMATCH(TRIM(A19),""^\d{1,2}/\d{1,2}/\d{4}$""), TRIM(A19), IFERROR( TEXT(DATEVALUE(SUBSTITUTE(SUBSTITUTE(TRIM(A19),""-"",""/""),""."",""/"")),"&"""dd/mm/yyyy""), TRIM(A19) ) ) ) ) "),"28/12/2024") -> 28/12/2024 | L19: 45654 | M19: =IFERROR(__xludf.DUMMYFUNCTION("PROPER(TRIM( REGEXREPLACE( REGEXREPLACE( SUBSTITUTE(SUBSTITUTE(SUBSTITUTE(SUBSTITUTE(SUBSTITUTE(SUBSTITUTE(SUBSTITUTE(SUBSTITUTE(SUBSTITUTE(SUBSTITUTE(SUBSTITUTE( B19,""√©"",""é""),""√°"",""á""),""√±"",""ñ""),""√≥"",""ó""),""√â"",""é"""&"),""√Å"",""á""),""√ç"",""í""),""√Ç"",""Í""),""√Â"",""é""),""√≠"",""í""),""√º"",""ú""), ""[,\\.√]"",""""), ""\\s+"","" "") )) "),"Monterrey") -> Monterrey | N19: =IFERROR(__xludf.DUMMYFUNCTION("SPLIT( TRIM( SUBSTITUTE( SUBSTITUTE( SUBSTITUTE( SUBSTITUTE( C19, ""√©"", ""é"" ), ""√±"", ""ñ"" ), ""√°"", ""á"" ), ""√≥"", ""ó"" ) ), ""-"" ) "),"Auriculares") -> Auriculares | O19: =IFERROR(__xludf.DUMMYFUNCTION("""COMPUTED_VALUE"""),"Bluetooth") -> Bluetooth | P19: =IFERROR(__xludf.DUMMYFUNCTION("""COMPUTED_VALUE"""),"16GB") -> 16GB | Q19: =IF(ISBLANK(D19),"0",D19) -> 1724.31 | R19: =IF(ISBLANK(E19),"Sin datos",E19) -> 2 | S19: =IF(ISBLANK(F19),"0",F19) -> 3448.62 | T19: =IFERROR(__xludf.DUMMYFUNCTION("PROPER(TRIM( LET( texto1, REGEXREPLACE(G19, ""(?i)\b(DR\.?|SRA?\.?|\(A\)|MTRO\.?|LIC\.?|ING\.?)\b"", """"), texto2, REGEXREPLACE(texto1, ""√©|√â|√Â"", ""é""), texto3, REGEXREPLACE(texto2, ""√°|√Å"", ""á""), texto4, REGEXREPLACE(texto3, "&"""√±"", ""ñ""), texto5, REGEXREPLACE(texto4, ""√≥"", ""ó""), texto6, REGEXREPLACE(texto5, ""√ç|√≠|√Ç"", ""í""), texto7, REGEXREPLACE(texto6, ""√º"", ""ú""), texto8, REGEXREPLACE(texto7, ""[^A-Za-zÁÉÍÓÚÜÑáéíóúüñ\s]"", """"), texto9, REG"&"EXREPLACE(texto8, ""^[A-Za-zÁÉÍÓÚÜÑáéíóúüñ]\s+"", """"), texto10, IF(REGEXMATCH(texto9, ""(?i)^\s*Jos\s*$""), ""José"", texto9), texto11, REGEXREPLACE(texto10, ""(?i)(eé|ée|ee|éé)+"", ""é""), texto12, REGEXREPLACE(texto11, ""(?i)(aá|áa|aa|áá)+"&""", ""á""), texto13, REGEXREPLACE(texto12, ""(?i)(ií|íi|ii|íí)+"", ""í""), texto14, REGEXREPLACE(texto13, ""(?i)(oó|óo|oo|óó)+"", ""ó""), texto15, REGEXREPLACE(texto14, ""(?i)(uú|úu|uu|úú)+"", ""ú""), texto16, REGEXREPLACE(texto15, ""\s{2,"&"}"", "" ""), texto16 ) )) "),"Alejandra Roldán") -> Alejandra Roldán | U19: =I19 -> 530801f5-4c88-4d00-b297-5944ebece83d | V19: =CONCATENATE(N19," ",O19," ",P19) -> Auriculares Bluetooth 16GB
A20: 45577 | B20: Bogotá | C20: Teléfono-Gama alta-16GB | D20: 1445.1 | E20: 4 | F20: 5780.4 | G20: Lorenzo Wendolin M√©ndez Gollum | H20: ffuentes@ochoa-molina.com | I20: 116022d7-56fc-4596-aeba-30c58ab21dbf | K20: =IFERROR(__xludf.DUMMYFUNCTION("IF(ISBLANK(A20), """", IF(ISNUMBER(A20), TEXT(A20,""dd/mm/yyyy""), IF( REGEXMATCH(TRIM(A20),""^\d{1,2}/\d{1,2}/\d{4}$""), TRIM(A20), IFERROR( TEXT(DATEVALUE(SUBSTITUTE(SUBSTITUTE(TRIM(A20),""-"",""/""),""."",""/"")),"&"""dd/mm/yyyy""), TRIM(A20) ) ) ) ) "),"12/10/2024") -> 12/10/2024 | L20: 45577 | M20: =IFERROR(__xludf.DUMMYFUNCTION("PROPER(TRIM( REGEXREPLACE( REGEXREPLACE( SUBSTITUTE(SUBSTITUTE(SUBSTITUTE(SUBSTITUTE(SUBSTITUTE(SUBSTITUTE(SUBSTITUTE(SUBSTITUTE(SUBSTITUTE(SUBSTITUTE(SUBSTITUTE( B20,""√©"",""é""),""√°"",""á""),""√±"",""ñ""),""√≥"",""ó""),""√â"",""é"""&"),""√Å"",""á""),""√ç"",""í""),""√Ç"",""Í""),""√Â"",""é""),""√≠"",""í""),""√º"",""ú""), ""[,\\.√]"",""""), ""\\s+"","" "") )) "),"Bogotá") -> Bogotá | N20: =IFERROR(__xludf.DUMMYFUNCTION("SPLIT( TRIM( SUBSTITUTE( SUBSTITUTE( SUBSTITUTE( SUBSTITUTE( C20, ""√©"", ""é"" ), ""√±"", ""ñ"" ), ""√°"", ""á"" ), ""√≥"", ""ó"" ) ), ""-"" ) "),"Teléfono") -> Teléfono | O20: =IFERROR(__xludf.DUMMYFUNCTION("""COMPUTED_VALUE"""),"Gama alta") -> Gama alta | P20: =IFERROR(__xludf.DUMMYFUNCTION("""COMPUTED_VALUE"""),"16GB") -> 16GB | Q20: =IF(ISBLANK(D20),"0",D20) -> 1445.1 | R20: =IF(ISBLANK(E20),"Sin datos",E20) -> 4 | S20: =IF(ISBLANK(F20),"0",F20) -> 5780.4 | T20: =IFERROR(__xludf.DUMMYFUNCTION("PROPER(TRIM( LET( texto1, REGEXREPLACE(G20, ""(?i)\b(DR\.?|SRA?\.?|\(A\)|MTRO\.?|LIC\.?|ING\.?)\b"", """"), texto2, REGEXREPLACE(texto1, ""√©|√â|√Â"", ""é""), texto3, REGEXREPLACE(texto2, ""√°|√Å"", ""á""), texto4, REGEXREPLACE(texto3, "&"""√±"", ""ñ""), texto5, REGEXREPLACE(texto4, ""√≥"", ""ó""), texto6, REGEXREPLACE(texto5, ""√ç|√≠|√Ç"", ""í""), texto7, REGEXREPLACE(texto6, ""√º"", ""ú""), texto8, REGEXREPLACE(texto7, ""[^A-Za-zÁÉÍÓÚÜÑáéíóúüñ\s]"", """"), texto9, REG"&"EXREPLACE(texto8, ""^[A-Za-zÁÉÍÓÚÜÑáéíóúüñ]\s+"", """"), texto10, IF(REGEXMATCH(texto9, ""(?i)^\s*Jos\s*$""), ""José"", texto9), texto11, REGEXREPLACE(texto10, ""(?i)(eé|ée|ee|éé)+"", ""é""), texto12, REGEXREPLACE(texto11, ""(?i)(aá|áa|aa|áá)+"&""", ""á""), texto13, REGEXREPLACE(texto12, ""(?i)(ií|íi|ii|íí)+"", ""í""), texto14, REGEXREPLACE(texto13, ""(?i)(oó|óo|oo|óó)+"", ""ó""), texto15, REGEXREPLACE(texto14, ""(?i)(uú|úu|uu|úú)+"", ""ú""), texto16, REGEXREPLACE(texto15, ""\s{2,"&"}"", "" ""), texto16 ) )) "),"Lorenzo Wendolin Méndez Gollum") -> Lorenzo Wendolin Méndez Gollum | U20: =I20 -> 116022d7-56fc-4596-aeba-30c58ab21dbf | V20: =CONCATENATE(N20," ",O20," ",P20) -> Teléfono Gama alta 16GB
A21: 45610 | B21: Cali | C21: Tablet-Estándar-16GB | D21: 1618.43 | E21: 3 | F21: 4855.29 | G21: Catalina Adela Galarza Camacho | H21: yfarias@industrias.com | I21: 6685e5bb-9081-494c-b6aa-422ddb87955d | K21: =IFERROR(__xludf.DUMMYFUNCTION("IF(ISBLANK(A21), """", IF(ISNUMBER(A21), TEXT(A21,""dd/mm/yyyy""), IF( REGEXMATCH(TRIM(A21),""^\d{1,2}/\d{1,2}/\d{4}$""), TRIM(A21), IFERROR( TEXT(DATEVALUE(SUBSTITUTE(SUBSTITUTE(TRIM(A21),""-"",""/""),""."",""/"")),"&"""dd/mm/yyyy""), TRIM(A21) ) ) ) ) "),"14/11/2024") -> 14/11/2024 | L21: 45610 | M21: =IFERROR(__xludf.DUMMYFUNCTION("PROPER(TRIM( REGEXREPLACE( REGEXREPLACE( SUBSTITUTE(SUBSTITUTE(SUBSTITUTE(SUBSTITUTE(SUBSTITUTE(SUBSTITUTE(SUBSTITUTE(SUBSTITUTE(SUBSTITUTE(SUBSTITUTE(SUBSTITUTE( B21,""√©"",""é""),""√°"",""á""),""√±"",""ñ""),""√≥"",""ó""),""√â"",""é"""&"),""√Å"",""á""),""√ç"",""í""),""√Ç"",""Í""),""√Â"",""é""),""√≠"",""í""),""√º"",""ú""), ""[,\\.√]"",""""), ""\\s+"","" "") )) "),"Cali") -> Cali | N21: =IFERROR(__xludf.DUMMYFUNCTION("SPLIT( TRIM( SUBSTITUTE( SUBSTITUTE( SUBSTITUTE( SUBSTITUTE( C21, ""√©"", ""é"" ), ""√±"", ""ñ"" ), ""√°"", ""á"" ), ""√≥"", ""ó"" ) ), ""-"" ) "),"Tablet") -> Tablet | O21: =IFERROR(__xludf.DUMMYFUNCTION("""COMPUTED_VALUE"""),"Estándar") -> Estándar | P21: =IFERROR(__xludf.DUMMYFUNCTION("""COMPUTED_VALUE"""),"16GB") -> 16GB | Q21: =IF(ISBLANK(D21),"0",D21) -> 1618.43 | R21: =IF(ISBLANK(E21),"Sin datos",E21) -> 3 | S21: =IF(ISBLANK(F21),"0",F21) -> 4855.29 | T21: =IFERROR(__xludf.DUMMYFUNCTION("PROPER(TRIM( LET( texto1, REGEXREPLACE(G21, ""(?i)\b(DR\.?|SRA?\.?|\(A\)|MTRO\.?|LIC\.?|ING\.?)\b"", """"), texto2, REGEXREPLACE(texto1, ""√©|√â|√Â"", ""é""), texto3, REGEXREPLACE(texto2, ""√°|√Å"", ""á""), texto4, REGEXREPLACE(texto3, "&"""√±"", ""ñ""), texto5, REGEXREPLACE(texto4, ""√≥"", ""ó""), texto6, REGEXREPLACE(texto5, ""√ç|√≠|√Ç"", ""í""), texto7, REGEXREPLACE(texto6, ""√º"", ""ú""), texto8, REGEXREPLACE(texto7, ""[^A-Za-zÁÉÍÓÚÜÑáéíóúüñ\s]"", """"), texto9, REG"&"EXREPLACE(texto8, ""^[A-Za-zÁÉÍÓÚÜÑáéíóúüñ]\s+"", """"), texto10, IF(REGEXMATCH(texto9, ""(?i)^\s*Jos\s*$""), ""José"", texto9), texto11, REGEXREPLACE(texto10, ""(?i)(eé|ée|ee|éé)+"", ""é""), texto12, REGEXREPLACE(texto11, ""(?i)(aá|áa|aa|áá)+"&""", ""á""), texto13, REGEXREPLACE(texto12, ""(?i)(ií|íi|ii|íí)+"", ""í""), texto14, REGEXREPLACE(texto13, ""(?i)(oó|óo|oo|óó)+"", ""ó""), texto15, REGEXREPLACE(texto14, ""(?i)(uú|úu|uu|úú)+"", ""ú""), texto16, REGEXREPLACE(texto15, ""\s{2,"&"}"", "" ""), texto16 ) )) "),"Catalina Adela Galarza Camacho") -> Catalina Adela Galarza Camacho | U21: =I21 -> 6685e5bb-9081-494c-b6aa-422ddb87955d | V21: =CONCATENATE(N21," ",O21," ",P21) -> Tablet Estándar 16GB
A22: 29/12/2024 | B22: Ciudad de M√©xico | C22: Teléfono-Gama media-4GB | D22: 2070.23 | E22: 5 | F22: 10351.15 | G22: Aldo Rodr√≠gez | H22: isabelojeda@grupo.com | I22: f8087330-1de4-4af6-8cae-e91d660b819f | K22: =IFERROR(__xludf.DUMMYFUNCTION("IF(ISBLANK(A22), """", IF(ISNUMBER(A22), TEXT(A22,""dd/mm/yyyy""), IF( REGEXMATCH(TRIM(A22),""^\d{1,2}/\d{1,2}/\d{4}$""), TRIM(A22), IFERROR( TEXT(DATEVALUE(SUBSTITUTE(SUBSTITUTE(TRIM(A22),""-"",""/""),""."",""/"")),"&"""dd/mm/yyyy""), TRIM(A22) ) ) ) ) "),"29/12/2024") -> 29/12/2024 | L22: 45655 | M22: =IFERROR(__xludf.DUMMYFUNCTION("PROPER(TRIM( REGEXREPLACE( REGEXREPLACE( SUBSTITUTE(SUBSTITUTE(SUBSTITUTE(SUBSTITUTE(SUBSTITUTE(SUBSTITUTE(SUBSTITUTE(SUBSTITUTE(SUBSTITUTE(SUBSTITUTE(SUBSTITUTE( B22,""√©"",""é""),""√°"",""á""),""√±"",""ñ""),""√≥"",""ó""),""√â"",""é"""&"),""√Å"",""á""),""√ç"",""í""),""√Ç"",""Í""),""√Â"",""é""),""√≠"",""í""),""√º"",""ú""), ""[,\\.√]"",""""), ""\\s+"","" "") )) "),"Ciudad De México") -> Ciudad De México | N22: =IFERROR(__xludf.DUMMYFUNCTION("SPLIT( TRIM( SUBSTITUTE( SUBSTITUTE( SUBSTITUTE( SUBSTITUTE( C22, ""√©"", ""é"" ), ""√±"", ""ñ"" ), ""√°"", ""á"" ), ""√≥"", ""ó"" ) ), ""-"" ) "),"Teléfono") -> Teléfono | O22: =IFERROR(__xludf.DUMMYFUNCTION("""COMPUTED_VALUE"""),"Gama media") -> Gama media | P22: =IFERROR(__xludf.DUMMYFUNCTION("""COMPUTED_VALUE"""),"4GB") -> 4GB | Q22: =IF(ISBLANK(D22),"0",D22) -> 2070.23 | R22: =IF(ISBLANK(E22),"Sin datos",E22) -> 5 | S22: =IF(ISBLANK(F22),"0",F22) -> 10351.15 | T22: =IFERROR(__xludf.DUMMYFUNCTION("PROPER(TRIM( LET( texto1, REGEXREPLACE(G22, ""(?i)\b(DR\.?|SRA?\.?|\(A\)|MTRO\.?|LIC\.?|ING\.?)\b"", """"), texto2, REGEXREPLACE(texto1, ""√©|√â|√Â"", ""é""), texto3, REGEXREPLACE(texto2, ""√°|√Å"", ""á""), texto4, REGEXREPLACE(texto3, "&"""√±"", ""ñ""), texto5, REGEXREPLACE(texto4, ""√≥"", ""ó""), texto6, REGEXREPLACE(texto5, ""√ç|√≠|√Ç"", ""í""), texto7, REGEXREPLACE(texto6, ""√º"", ""ú""), texto8, REGEXREPLACE(texto7, ""[^A-Za-zÁÉÍÓÚÜÑáéíóúüñ\s]"", """"), texto9, REG"&"EXREPLACE(texto8, ""^[A-Za-zÁÉÍÓÚÜÑáéíóúüñ]\s+"", """"), texto10, IF(REGEXMATCH(texto9, ""(?i)^\s*Jos\s*$""), ""José"", texto9), texto11, REGEXREPLACE(texto10, ""(?i)(eé|ée|ee|éé)+"", ""é""), texto12, REGEXREPLACE(texto11, ""(?i)(aá|áa|aa|áá)+"&""", ""á""), texto13, REGEXREPLACE(texto12, ""(?i)(ií|íi|ii|íí)+"", ""í""), texto14, REGEXREPLACE(texto13, ""(?i)(oó|óo|oo|óó)+"", ""ó""), texto15, REGEXREPLACE(texto14, ""(?i)(uú|úu|uu|úú)+"", ""ú""), texto16, REGEXREPLACE(texto15, ""\s{2,"&"}"", "" ""), texto16 ) )) "),"Aldo Rodrígez") -> Aldo Rodrígez | U22: =I22 -> f8087330-1de4-4af6-8cae-e91d660b819f | V22: =CONCATENATE(N22," ",O22," ",P22) -> Teléfono Gama media 4GB
A23: 45606 | B23: Medellín | C23: Teléfono-Gama baja-8GB | D23: 763.62 | E23: 1 | F23: 763.62 | G23: Sr(a). Carlota Aguayo | H23: auroralugo@acuna-mercado.com | I23: d58eb71d-bd78-4ec3-8a70-34213c01464b | K23: =IFERROR(__xludf.DUMMYFUNCTION("IF(ISBLANK(A23), """", IF(ISNUMBER(A23), TEXT(A23,""dd/mm/yyyy""), IF( REGEXMATCH(TRIM(A23),""^\d{1,2}/\d{1,2}/\d{4}$""), TRIM(A23), IFERROR( TEXT(DATEVALUE(SUBSTITUTE(SUBSTITUTE(TRIM(A23),""-"",""/""),""."",""/"")),"&"""dd/mm/yyyy""), TRIM(A23) ) ) ) ) "),"10/11/2024") -> 10/11/2024 | L23: 45606 | M23: =IFERROR(__xludf.DUMMYFUNCTION("PROPER(TRIM( REGEXREPLACE( REGEXREPLACE( SUBSTITUTE(SUBSTITUTE(SUBSTITUTE(SUBSTITUTE(SUBSTITUTE(SUBSTITUTE(SUBSTITUTE(SUBSTITUTE(SUBSTITUTE(SUBSTITUTE(SUBSTITUTE( B23,""√©"",""é""),""√°"",""á""),""√±"",""ñ""),""√≥"",""ó""),""√â"",""é"""&"),""√Å"",""á""),""√ç"",""í""),""√Ç"",""Í""),""√Â"",""é""),""√≠"",""í""),""√º"",""ú""), ""[,\\.√]"",""""), ""\\s+"","" "") )) "),"Medellín") -> Medellín | N23: =IFERROR(__xludf.DUMMYFUNCTION("SPLIT( TRIM( SUBSTITUTE( SUBSTITUTE( SUBSTITUTE( SUBSTITUTE( C23, ""√©"", ""é"" ), ""√±"", ""ñ"" ), ""√°"", ""á"" ), ""√≥"", ""ó"" ) ), ""-"" ) "),"Teléfono") -> Teléfono | O23: =IFERROR(__xludf.DUMMYFUNCTION("""COMPUTED_VALUE"""),"Gama baja") -> Gama baja | P23: =IFERROR(__xludf.DUMMYFUNCTION("""COMPUTED_VALUE"""),"8GB") -> 8GB | Q23: =IF(ISBLANK(D23),"0",D23) -> 763.62 | R23: =IF(ISBLANK(E23),"Sin datos",E23) -> 1 | S23: =IF(ISBLANK(F23),"0",F23) -> 763.62 | T23: =IFERROR(__xludf.DUMMYFUNCTION("PROPER(TRIM( LET( texto1, REGEXREPLACE(G23, ""(?i)\b(DR\.?|SRA?\.?|\(A\)|MTRO\.?|LIC\.?|ING\.?)\b"", """"), texto2, REGEXREPLACE(texto1, ""√©|√â|√Â"", ""é""), texto3, REGEXREPLACE(texto2, ""√°|√Å"", ""á""), texto4, REGEXREPLACE(texto3, "&"""√±"", ""ñ""), texto5, REGEXREPLACE(texto4, ""√≥"", ""ó""), texto6, REGEXREPLACE(texto5, ""√ç|√≠|√Ç"", ""í""), texto7, REGEXREPLACE(texto6, ""√º"", ""ú""), texto8, REGEXREPLACE(texto7, ""[^A-Za-zÁÉÍÓÚÜÑáéíóúüñ\s]"", """"), texto9, REG"&"EXREPLACE(texto8, ""^[A-Za-zÁÉÍÓÚÜÑáéíóúüñ]\s+"", """"), texto10, IF(REGEXMATCH(texto9, ""(?i)^\s*Jos\s*$""), ""José"", texto9), texto11, REGEXREPLACE(texto10, ""(?i)(eé|ée|ee|éé)+"", ""é""), texto12, REGEXREPLACE(texto11, ""(?i)(aá|áa|aa|áá)+"&""", ""á""), texto13, REGEXREPLACE(texto12, ""(?i)(ií|íi|ii|íí)+"", ""í""), texto14, REGEXREPLACE(texto13, ""(?i)(oó|óo|oo|óó)+"", ""ó""), texto15, REGEXREPLACE(texto14, ""(?i)(uú|úu|uu|úú)+"", ""ú""), texto16, REGEXREPLACE(texto15, ""\s{2,"&"}"", "" ""), texto16 ) )) "),"Carlota Aguayo") -> Carlota Aguayo | U23: =I23 -> d58eb71d-bd78-4ec3-8a70-34213c01464b | V23: =CONCATENATE(N23," ",O23," ",P23) -> Teléfono Gama baja 8GB
A24: 45642 | B24: Monterrey | C24: Teléfono-Gama media-4GB | D24: 658.01 | E24: 5 | F24: 3290.05 | G24: Aurora Amador Mendoza Prieto | H24: margarita69@grupo.net | I24: 45698812-aa8b-4fea-b214-81743c8c3e1d | K24: =IFERROR(__xludf.DUMMYFUNCTION("IF(ISBLANK(A24), """", IF(ISNUMBER(A24), TEXT(A24,""dd/mm/yyyy""), IF( REGEXMATCH(TRIM(A24),""^\d{1,2}/\d{1,2}/\d{4}$""), TRIM(A24), IFERROR( TEXT(DATEVALUE(SUBSTITUTE(SUBSTITUTE(TRIM(A24),""-"",""/""),""."",""/"")),"&"""dd/mm/yyyy""), TRIM(A24) ) ) ) ) "),"16/12/2024") -> 16/12/2024 | L24: 45642 | M24: =IFERROR(__xludf.DUMMYFUNCTION("PROPER(TRIM( REGEXREPLACE( REGEXREPLACE( SUBSTITUTE(SUBSTITUTE(SUBSTITUTE(SUBSTITUTE(SUBSTITUTE(SUBSTITUTE(SUBSTITUTE(SUBSTITUTE(SUBSTITUTE(SUBSTITUTE(SUBSTITUTE( B24,""√©"",""é""),""√°"",""á""),""√±"",""ñ""),""√≥"",""ó""),""√â"",""é"""&"),""√Å"",""á""),""√ç"",""í""),""√Ç"",""Í""),""√Â"",""é""),""√≠"",""í""),""√º"",""ú""), ""[,\\.√]"",""""), ""\\s+"","" "") )) "),"Monterrey") -> Monterrey | N24: =IFERROR(__xludf.DUMMYFUNCTION("SPLIT( TRIM( SUBSTITUTE( SUBSTITUTE( SUBSTITUTE( SUBSTITUTE( C24, ""√©"", ""é"" ), ""√±"", ""ñ"" ), ""√°"", ""á"" ), ""√≥"", ""ó"" ) ), ""-"" ) "),"Teléfono") -> Teléfono | O24: =IFERROR(__xludf.DUMMYFUNCTION("""COMPUTED_VALUE"""),"Gama media") -> Gama media | P24: =IFERROR(__xludf.DUMMYFUNCTION("""COMPUTED_VALUE"""),"4GB") -> 4GB | Q24: =IF(ISBLANK(D24),"0",D24) -> 658.01 | R24: =IF(ISBLANK(E24),"Sin datos",E24) -> 5 | S24: =IF(ISBLANK(F24),"0",F24) -> 3290.05 | T24: =IFERROR(__xludf.DUMMYFUNCTION("PROPER(TRIM( LET( texto1, REGEXREPLACE(G24, ""(?i)\b(DR\.?|SRA?\.?|\(A\)|MTRO\.?|LIC\.?|ING\.?)\b"", """"), texto2, REGEXREPLACE(texto1, ""√©|√â|√Â"", ""é""), texto3, REGEXREPLACE(texto2, ""√°|√Å"", ""á""), texto4, REGEXREPLACE(texto3, "&"""√±"", ""ñ""), texto5, REGEXREPLACE(texto4, ""√≥"", ""ó""), texto6, REGEXREPLACE(texto5, ""√ç|√≠|√Ç"", ""í""), texto7, REGEXREPLACE(texto6, ""√º"", ""ú""), texto8, REGEXREPLACE(texto7, ""[^A-Za-zÁÉÍÓÚÜÑáéíóúüñ\s]"", """"), texto9, REG"&"EXREPLACE(texto8, ""^[A-Za-zÁÉÍÓÚÜÑáéíóúüñ]\s+"", """"), texto10, IF(REGEXMATCH(texto9, ""(?i)^\s*Jos\s*$""), ""José"", texto9), texto11, REGEXREPLACE(texto10, ""(?i)(eé|ée|ee|éé)+"", ""é""), texto12, REGEXREPLACE(texto11, ""(?i)(aá|áa|aa|áá)+"&""", ""á""), texto13, REGEXREPLACE(texto12, ""(?i)(ií|íi|ii|íí)+"", ""í""), texto14, REGEXREPLACE(texto13, ""(?i)(oó|óo|oo|óó)+"", ""ó""), texto15, REGEXREPLACE(texto14, ""(?i)(uú|úu|uu|úú)+"", ""ú""), texto16, REGEXREPLACE(texto15, ""\s{2,"&"}"", "" ""), texto16 ) )) "),"Aurora Amador Mendoza Prieto") -> Aurora Amador Mendoza Prieto | U24: =I24 -> 45698812-aa8b-4fea-b214-81743c8c3e1d | V24: =CONCATENATE(N24," ",O24," ",P24) -> Teléfono Gama media 4GB
A25: 14/10/2024 | B25: MONTERREY | C25: Tablet-Pro-4GB | D25: 162.56 | E25: 4 | F25: 650.24 | G25: Gabino Rub√©n Men√©ndez | H25: bernardovillagomez@laboratorios.org | I25: df7f87e2-753a-411f-bbe9-b634b149f17c | K25: =IFERROR(__xludf.DUMMYFUNCTION("IF(ISBLANK(A25), """", IF(ISNUMBER(A25), TEXT(A25,""dd/mm/yyyy""), IF( REGEXMATCH(TRIM(A25),""^\d{1,2}/\d{1,2}/\d{4}$""), TRIM(A25), IFERROR( TEXT(DATEVALUE(SUBSTITUTE(SUBSTITUTE(TRIM(A25),""-"",""/""),""."",""/"")),"&"""dd/mm/yyyy""), TRIM(A25) ) ) ) ) "),"14/10/2024") -> 14/10/2024 | L25: 45579 | M25: =IFERROR(__xludf.DUMMYFUNCTION("PROPER(TRIM( REGEXREPLACE( REGEXREPLACE( SUBSTITUTE(SUBSTITUTE(SUBSTITUTE(SUBSTITUTE(SUBSTITUTE(SUBSTITUTE(SUBSTITUTE(SUBSTITUTE(SUBSTITUTE(SUBSTITUTE(SUBSTITUTE( B25,""√©"",""é""),""√°"",""á""),""√±"",""ñ""),""√≥"",""ó""),""√â"",""é"""&"),""√Å"",""á""),""√ç"",""í""),""√Ç"",""Í""),""√Â"",""é""),""√≠"",""í""),""√º"",""ú""), ""[,\\.√]"",""""), ""\\s+"","" "") )) "),"Monterrey") -> Monterrey | N25: =IFERROR(__xludf.DUMMYFUNCTION("SPLIT( TRIM( SUBSTITUTE( SUBSTITUTE( SUBSTITUTE( SUBSTITUTE( C25, ""√©"", ""é"" ), ""√±"", ""ñ"" ), ""√°"", ""á"" ), ""√≥"", ""ó"" ) ), ""-"" ) "),"Tablet") -> Tablet | O25: =IFERROR(__xludf.DUMMYFUNCTION("""COMPUTED_VALUE"""),"Pro") -> Pro | P25: =IFERROR(__xludf.DUMMYFUNCTION("""COMPUTED_VALUE"""),"4GB") -> 4GB | Q25: =IF(ISBLANK(D25),"0",D25) -> 162.56 | R25: =IF(ISBLANK(E25),"Sin datos",E25) -> 4 | S25: =IF(ISBLANK(F25),"0",F25) -> 650.24 | T25: =IFERROR(__xludf.DUMMYFUNCTION("PROPER(TRIM( LET( texto1, REGEXREPLACE(G25, ""(?i)\b(DR\.?|SRA?\.?|\(A\)|MTRO\.?|LIC\.?|ING\.?)\b"", """"), texto2, REGEXREPLACE(texto1, ""√©|√â|√Â"", ""é""), texto3, REGEXREPLACE(texto2, ""√°|√Å"", ""á""), texto4, REGEXREPLACE(texto3, "&"""√±"", ""ñ""), texto5, REGEXREPLACE(texto4, ""√≥"", ""ó""), texto6, REGEXREPLACE(texto5, ""√ç|√≠|√Ç"", ""í""), texto7, REGEXREPLACE(texto6, ""√º"", ""ú""), texto8, REGEXREPLACE(texto7, ""[^A-Za-zÁÉÍÓÚÜÑáéíóúüñ\s]"", """"), texto9, REG"&"EXREPLACE(texto8, ""^[A-Za-zÁÉÍÓÚÜÑáéíóúüñ]\s+"", """"), texto10, IF(REGEXMATCH(texto9, ""(?i)^\s*Jos\s*$""), ""José"", texto9), texto11, REGEXREPLACE(texto10, ""(?i)(eé|ée|ee|éé)+"", ""é""), texto12, REGEXREPLACE(texto11, ""(?i)(aá|áa|aa|áá)+"&""", ""á""), texto13, REGEXREPLACE(texto12, ""(?i)(ií|íi|ii|íí)+"", ""í""), texto14, REGEXREPLACE(texto13, ""(?i)(oó|óo|oo|óó)+"", ""ó""), texto15, REGEXREPLACE(texto14, ""(?i)(uú|úu|uu|úú)+"", ""ú""), texto16, REGEXREPLACE(texto15, ""\s{2,"&"}"", "" ""), texto16 ) )) "),"Gabino Rubén Menéndez") -> Gabino Rubén Menéndez | U25: =I25 -> df7f87e2-753a-411f-bbe9-b634b149f17c | V25: =CONCATENATE(N25," ",O25," ",P25) -> Tablet Pro 4GB
A26: 45657 | B26: Cali | C26: Laptop-Ultraliviana-32GB | D26: 1721.22 | E26: 4 | F26: 6884.88 | G26: Roberto Mar√≠a Cristina Madera Alejandro | H26: teodoro56@yahoo.com | I26: bfde20ee-a837-4bd7-af36-f9e5b40dfe3b | K26: =IFERROR(__xludf.DUMMYFUNCTION("IF(ISBLANK(A26), """", IF(ISNUMBER(A26), TEXT(A26,""dd/mm/yyyy""), IF( REGEXMATCH(TRIM(A26),""^\d{1,2}/\d{1,2}/\d{4}$""), TRIM(A26), IFERROR( TEXT(DATEVALUE(SUBSTITUTE(SUBSTITUTE(TRIM(A26),""-"",""/""),""."",""/"")),"&"""dd/mm/yyyy""), TRIM(A26) ) ) ) ) "),"31/12/2024") -> 31/12/2024 | L26: 45657 | M26: =IFERROR(__xludf.DUMMYFUNCTION("PROPER(TRIM( REGEXREPLACE( REGEXREPLACE( SUBSTITUTE(SUBSTITUTE(SUBSTITUTE(SUBSTITUTE(SUBSTITUTE(SUBSTITUTE(SUBSTITUTE(SUBSTITUTE(SUBSTITUTE(SUBSTITUTE(SUBSTITUTE( B26,""√©"",""é""),""√°"",""á""),""√±"",""ñ""),""√≥"",""ó""),""√â"",""é"""&"),""√Å"",""á""),""√ç"",""í""),""√Ç"",""Í""),""√Â"",""é""),""√≠"",""í""),""√º"",""ú""), ""[,\\.√]"",""""), ""\\s+"","" "") )) "),"Cali") -> Cali | N26: =IFERROR(__xludf.DUMMYFUNCTION("SPLIT( TRIM( SUBSTITUTE( SUBSTITUTE( SUBSTITUTE( SUBSTITUTE( C26, ""√©"", ""é"" ), ""√±"", ""ñ"" ), ""√°"", ""á"" ), ""√≥"", ""ó"" ) ), ""-"" ) "),"Laptop") -> Laptop | O26: =IFERROR(__xludf.DUMMYFUNCTION("""COMPUTED_VALUE"""),"Ultraliviana") -> Ultraliviana | P26: =IFERROR(__xludf.DUMMYFUNCTION("""COMPUTED_VALUE"""),"32GB") -> 32GB | Q26: =IF(ISBLANK(D26),"0",D26) -> 1721.22 | R26: =IF(ISBLANK(E26),"Sin datos",E26) -> 4 | S26: =IF(ISBLANK(F26),"0",F26) -> 6884.88 | T26: =IFERROR(__xludf.DUMMYFUNCTION("PROPER(TRIM( LET( texto1, REGEXREPLACE(G26, ""(?i)\b(DR\.?|SRA?\.?|\(A\)|MTRO\.?|LIC\.?|ING\.?)\b"", """"), texto2, REGEXREPLACE(texto1, ""√©|√â|√Â"", ""é""), texto3, REGEXREPLACE(texto2, ""√°|√Å"", ""á""), texto4, REGEXREPLACE(texto3, "&"""√±"", ""ñ""), texto5, REGEXREPLACE(texto4, ""√≥"", ""ó""), texto6, REGEXREPLACE(texto5, ""√ç|√≠|√Ç"", ""í""), texto7, REGEXREPLACE(texto6, ""√º"", ""ú""), texto8, REGEXREPLACE(texto7, ""[^A-Za-zÁÉÍÓÚÜÑáéíóúüñ\s]"", """"), texto9, REG"&"EXREPLACE(texto8, ""^[A-Za-zÁÉÍÓÚÜÑáéíóúüñ]\s+"", """"), texto10, IF(REGEXMATCH(texto9, ""(?i)^\s*Jos\s*$""), ""José"", texto9), texto11, REGEXREPLACE(texto10, ""(?i)(eé|ée|ee|éé)+"", ""é""), texto12, REGEXREPLACE(texto11, ""(?i)(aá|áa|aa|áá)+"&""", ""á""), texto13, REGEXREPLACE(texto12, ""(?i)(ií|íi|ii|íí)+"", ""í""), texto14, REGEXREPLACE(texto13, ""(?i)(oó|óo|oo|óó)+"", ""ó""), texto15, REGEXREPLACE(texto14, ""(?i)(uú|úu|uu|úú)+"", ""ú""), texto16, REGEXREPLACE(texto15, ""\s{2,"&"}"", "" ""), texto16 ) )) "),"Roberto María Cristina Madera Alejandro") -> Roberto María Cristina Madera Alejandro | U26: =I26 -> bfde20ee-a837-4bd7-af36-f9e5b40dfe3b | V26: =CONCATENATE(N26," ",O26," ",P26) -> Laptop Ultraliviana 32GB
A27: 45568 | B27: Bogotá | C27: Tablet-Estándar-16GB | D27: 741.79 | E27: 2 | F27: 1483.58 | G27: Uriel Helena Caldera | H27: pizarrojaqueline@acuna-moreno.com | I27: 91de2837-a873-4607-8185-7fa6844d2be8 | K27: =IFERROR(__xludf.DUMMYFUNCTION("IF(ISBLANK(A27), """", IF(ISNUMBER(A27), TEXT(A27,""dd/mm/yyyy""), IF( REGEXMATCH(TRIM(A27),""^\d{1,2}/\d{1,2}/\d{4}$""), TRIM(A27), IFERROR( TEXT(DATEVALUE(SUBSTITUTE(SUBSTITUTE(TRIM(A27),""-"",""/""),""."",""/"")),"&"""dd/mm/yyyy""), TRIM(A27) ) ) ) ) "),"03/10/2024") -> 03/10/2024 | L27: 45568 | M27: =IFERROR(__xludf.DUMMYFUNCTION("PROPER(TRIM( REGEXREPLACE( REGEXREPLACE( SUBSTITUTE(SUBSTITUTE(SUBSTITUTE(SUBSTITUTE(SUBSTITUTE(SUBSTITUTE(SUBSTITUTE(SUBSTITUTE(SUBSTITUTE(SUBSTITUTE(SUBSTITUTE( B27,""√©"",""é""),""√°"",""á""),""√±"",""ñ""),""√≥"",""ó""),""√â"",""é"""&"),""√Å"",""á""),""√ç"",""í""),""√Ç"",""Í""),""√Â"",""é""),""√≠"",""í""),""√º"",""ú""), ""[,\\.√]"",""""), ""\\s+"","" "") )) "),"Bogotá") -> Bogotá | N27: =IFERROR(__xludf.DUMMYFUNCTION("SPLIT( TRIM( SUBSTITUTE( SUBSTITUTE( SUBSTITUTE( SUBSTITUTE( C27, ""√©"", ""é"" ), ""√±"", ""ñ"" ), ""√°"", ""á"" ), ""√≥"", ""ó"" ) ), ""-"" ) "),"Tablet") -> Tablet | O27: =IFERROR(__xludf.DUMMYFUNCTION("""COMPUTED_VALUE"""),"Estándar") -> Estándar | P27: =IFERROR(__xludf.DUMMYFUNCTION("""COMPUTED_VALUE"""),"16GB") -> 16GB | Q27: =IF(ISBLANK(D27),"0",D27) -> 741.79 | R27: =IF(ISBLANK(E27),"Sin datos",E27) -> 2 | S27: =IF(ISBLANK(F27),"0",F27) -> 1483.58 | T27: =IFERROR(__xludf.DUMMYFUNCTION("PROPER(TRIM( LET( texto1, REGEXREPLACE(G27, ""(?i)\b(DR\.?|SRA?\.?|\(A\)|MTRO\.?|LIC\.?|ING\.?)\b"", """"), texto2, REGEXREPLACE(texto1, ""√©|√â|√Â"", ""é""), texto3, REGEXREPLACE(texto2, ""√°|√Å"", ""á""), texto4, REGEXREPLACE(texto3, "&"""√±"", ""ñ""), texto5, REGEXREPLACE(texto4, ""√≥"", ""ó""), texto6, REGEXREPLACE(texto5, ""√ç|√≠|√Ç"", ""í""), texto7, REGEXREPLACE(texto6, ""√º"", ""ú""), texto8, REGEXREPLACE(texto7, ""[^A-Za-zÁÉÍÓÚÜÑáéíóúüñ\s]"", """"), texto9, REG"&"EXREPLACE(texto8, ""^[A-Za-zÁÉÍÓÚÜÑáéíóúüñ]\s+"", """"), texto10, IF(REGEXMATCH(texto9, ""(?i)^\s*Jos\s*$""), ""José"", texto9), texto11, REGEXREPLACE(texto10, ""(?i)(eé|ée|ee|éé)+"", ""é""), texto12, REGEXREPLACE(texto11, ""(?i)(aá|áa|aa|áá)+"&""", ""á""), texto13, REGEXREPLACE(texto12, ""(?i)(ií|íi|ii|íí)+"", ""í""), texto14, REGEXREPLACE(texto13, ""(?i)(oó|óo|oo|óó)+"", ""ó""), texto15, REGEXREPLACE(texto14, ""(?i)(uú|úu|uu|úú)+"", ""ú""), texto16, REGEXREPLACE(texto15, ""\s{2,"&"}"", "" ""), texto16 ) )) "),"Uriel Helena Caldera") -> Uriel Helena Caldera | U27: =I27 -> 91de2837-a873-4607-8185-7fa6844d2be8 | V27: =CONCATENATE(N27," ",O27," ",P27) -> Tablet Estándar 16GB
A28: 45606 | B28: CIUDAD DE M√âXICO | C28: Auriculares-Cancelación de ruido-4GB | D28: 489.42 | E28: 3 | F28: 1468.26 | G28: Sr(a). M√≥nica Cortez | H28: benito43@corporacin.com | I28: 814e531c-1781-4af9-86e2-0da4494565c9 | K28: =IFERROR(__xludf.DUMMYFUNCTION("IF(ISBLANK(A28), """", IF(ISNUMBER(A28), TEXT(A28,""dd/mm/yyyy""), IF( REGEXMATCH(TRIM(A28),""^\d{1,2}/\d{1,2}/\d{4}$""), TRIM(A28), IFERROR( TEXT(DATEVALUE(SUBSTITUTE(SUBSTITUTE(TRIM(A28),""-"",""/""),""."",""/"")),"&"""dd/mm/yyyy""), TRIM(A28) ) ) ) ) "),"10/11/2024") -> 10/11/2024 | L28: 45606 | M28: =IFERROR(__xludf.DUMMYFUNCTION("PROPER(TRIM( REGEXREPLACE( REGEXREPLACE( SUBSTITUTE(SUBSTITUTE(SUBSTITUTE(SUBSTITUTE(SUBSTITUTE(SUBSTITUTE(SUBSTITUTE(SUBSTITUTE(SUBSTITUTE(SUBSTITUTE(SUBSTITUTE( B28,""√©"",""é""),""√°"",""á""),""√±"",""ñ""),""√≥"",""ó""),""√â"",""é"""&"),""√Å"",""á""),""√ç"",""í""),""√Ç"",""Í""),""√Â"",""é""),""√≠"",""í""),""√º"",""ú""), ""[,\\.√]"",""""), ""\\s+"","" "") )) "),"Ciudad De México") -> Ciudad De México | N28: =IFERROR(__xludf.DUMMYFUNCTION("SPLIT( TRIM( SUBSTITUTE( SUBSTITUTE( SUBSTITUTE( SUBSTITUTE( C28, ""√©"", ""é"" ), ""√±"", ""ñ"" ), ""√°"", ""á"" ), ""√≥"", ""ó"" ) ), ""-"" ) "),"Auriculares") -> Auriculares | O28: =IFERROR(__xludf.DUMMYFUNCTION("""COMPUTED_VALUE"""),"Cancelación de ruido") -> Cancelación de ruido | P28: =IFERROR(__xludf.DUMMYFUNCTION("""COMPUTED_VALUE"""),"4GB") -> 4GB | Q28: =IF(ISBLANK(D28),"0",D28) -> 489.42 | R28: =IF(ISBLANK(E28),"Sin datos",E28) -> 3 | S28: =IF(ISBLANK(F28),"0",F28) -> 1468.26 | T28: =IFERROR(__xludf.DUMMYFUNCTION("PROPER(TRIM( LET( texto1, REGEXREPLACE(G28, ""(?i)\b(DR\.?|SRA?\.?|\(A\)|MTRO\.?|LIC\.?|ING\.?)\b"", """"), texto2, REGEXREPLACE(texto1, ""√©|√â|√Â"", ""é""), texto3, REGEXREPLACE(texto2, ""√°|√Å"", ""á""), texto4, REGEXREPLACE(texto3, "&"""√±"", ""ñ""), texto5, REGEXREPLACE(texto4, ""√≥"", ""ó""), texto6, REGEXREPLACE(texto5, ""√ç|√≠|√Ç"", ""í""), texto7, REGEXREPLACE(texto6, ""√º"", ""ú""), texto8, REGEXREPLACE(texto7, ""[^A-Za-zÁÉÍÓÚÜÑáéíóúüñ\s]"", """"), texto9, REG"&"EXREPLACE(texto8, ""^[A-Za-zÁÉÍÓÚÜÑáéíóúüñ]\s+"", """"), texto10, IF(REGEXMATCH(texto9, ""(?i)^\s*Jos\s*$""), ""José"", texto9), texto11, REGEXREPLACE(texto10, ""(?i)(eé|ée|ee|éé)+"", ""é""), texto12, REGEXREPLACE(texto11, ""(?i)(aá|áa|aa|áá)+"&""", ""á""), texto13, REGEXREPLACE(texto12, ""(?i)(ií|íi|ii|íí)+"", ""í""), texto14, REGEXREPLACE(texto13, ""(?i)(oó|óo|oo|óó)+"", ""ó""), texto15, REGEXREPLACE(texto14, ""(?i)(uú|úu|uu|úú)+"", ""ú""), texto16, REGEXREPLACE(texto15, ""\s{2,"&"}"", "" ""), texto16 ) )) "),"Mónica Cortez") -> Mónica Cortez | U28: =I28 -> 814e531c-1781-4af9-86e2-0da4494565c9 | V28: =CONCATENATE(N28," ",O28," ",P28) -> Auriculares Cancelación de ruido 4GB
A29: 45650 | B29: Ciudad de M√©xico | C29: Laptop-Oficina-16GB | D29: 1247.53 | E29: 4 | F29: 4990.12 | G29: Trinidad Badillo | H29: coronadomodesto@hotmail.com | I29: 698672ae-dbbd-4086-a5f7-90c3dfe00ff8 | K29: =IFERROR(__xludf.DUMMYFUNCTION("IF(ISBLANK(A29), """", IF(ISNUMBER(A29), TEXT(A29,""dd/mm/yyyy""), IF( REGEXMATCH(TRIM(A29),""^\d{1,2}/\d{1,2}/\d{4}$""), TRIM(A29), IFERROR( TEXT(DATEVALUE(SUBSTITUTE(SUBSTITUTE(TRIM(A29),""-"",""/""),""."",""/"")),"&"""dd/mm/yyyy""), TRIM(A29) ) ) ) ) "),"24/12/2024") -> 24/12/2024 | L29: 45650 | M29: =IFERROR(__xludf.DUMMYFUNCTION("PROPER(TRIM( REGEXREPLACE( REGEXREPLACE( SUBSTITUTE(SUBSTITUTE(SUBSTITUTE(SUBSTITUTE(SUBSTITUTE(SUBSTITUTE(SUBSTITUTE(SUBSTITUTE(SUBSTITUTE(SUBSTITUTE(SUBSTITUTE( B29,""√©"",""é""),""√°"",""á""),""√±"",""ñ""),""√≥"",""ó""),""√â"",""é"""&"),""√Å"",""á""),""√ç"",""í""),""√Ç"",""Í""),""√Â"",""é""),""√≠"",""í""),""√º"",""ú""), ""[,\\.√]"",""""), ""\\s+"","" "") )) "),"Ciudad De México") -> Ciudad De México | N29: =IFERROR(__xludf.DUMMYFUNCTION("SPLIT( TRIM( SUBSTITUTE( SUBSTITUTE( SUBSTITUTE( SUBSTITUTE( C29, ""√©"", ""é"" ), ""√±"", ""ñ"" ), ""√°"", ""á"" ), ""√≥"", ""ó"" ) ), ""-"" ) "),"Laptop") -> Laptop | O29: =IFERROR(__xludf.DUMMYFUNCTION("""COMPUTED_VALUE"""),"Oficina") -> Oficina | P29: =IFERROR(__xludf.DUMMYFUNCTION("""COMPUTED_VALUE"""),"16GB") -> 16GB | Q29: =IF(ISBLANK(D29),"0",D29) -> 1247.53 | R29: =IF(ISBLANK(E29),"Sin datos",E29) -> 4 | S29: =IF(ISBLANK(F29),"0",F29) -> 4990.12 | T29: =IFERROR(__xludf.DUMMYFUNCTION("PROPER(TRIM( LET( texto1, REGEXREPLACE(G29, ""(?i)\b(DR\.?|SRA?\.?|\(A\)|MTRO\.?|LIC\.?|ING\.?)\b"", """"), texto2, REGEXREPLACE(texto1, ""√©|√â|√Â"", ""é""), texto3, REGEXREPLACE(texto2, ""√°|√Å"", ""á""), texto4, REGEXREPLACE(texto3, "&"""√±"", ""ñ""), texto5, REGEXREPLACE(texto4, ""√≥"", ""ó""), texto6, REGEXREPLACE(texto5, ""√ç|√≠|√Ç"", ""í""), texto7, REGEXREPLACE(texto6, ""√º"", ""ú""), texto8, REGEXREPLACE(texto7, ""[^A-Za-zÁÉÍÓÚÜÑáéíóúüñ\s]"", """"), texto9, REG"&"EXREPLACE(texto8, ""^[A-Za-zÁÉÍÓÚÜÑáéíóúüñ]\s+"", """"), texto10, IF(REGEXMATCH(texto9, ""(?i)^\s*Jos\s*$""), ""José"", texto9), texto11, REGEXREPLACE(texto10, ""(?i)(eé|ée|ee|éé)+"", ""é""), texto12, REGEXREPLACE(texto11, ""(?i)(aá|áa|aa|áá)+"&""", ""á""), texto13, REGEXREPLACE(texto12, ""(?i)(ií|íi|ii|íí)+"", ""í""), texto14, REGEXREPLACE(texto13, ""(?i)(oó|óo|oo|óó)+"", ""ó""), texto15, REGEXREPLACE(texto14, ""(?i)(uú|úu|uu|úú)+"", ""ú""), texto16, REGEXREPLACE(texto15, ""\s{2,"&"}"", "" ""), texto16 ) )) "),"Trinidad Badillo") -> Trinidad Badillo | U29: =I29 -> 698672ae-dbbd-4086-a5f7-90c3dfe00ff8 | V29: =CONCATENATE(N29," ",O29," ",P29) -> Laptop Oficina 16GB
A30: 45592 | B30: Cali | C30: Teléfono-Gama baja-4GB | D30: 273.42 | E30: 4 | F30: 1093.68 | G30: Noem√≠ Julia Zepeda | H30: gilalta-gracia@miramontes.com | I30: 102bcf63-b887-46cb-8d4f-8c9404340da9 | K30: =IFERROR(__xludf.DUMMYFUNCTION("IF(ISBLANK(A30), """", IF(ISNUMBER(A30), TEXT(A30,""dd/mm/yyyy""), IF( REGEXMATCH(TRIM(A30),""^\d{1,2}/\d{1,2}/\d{4}$""), TRIM(A30), IFERROR( TEXT(DATEVALUE(SUBSTITUTE(SUBSTITUTE(TRIM(A30),""-"",""/""),""."",""/"")),"&"""dd/mm/yyyy""), TRIM(A30) ) ) ) ) "),"27/10/2024") -> 27/10/2024 | L30: 45592 | M30: =IFERROR(__xludf.DUMMYFUNCTION("PROPER(TRIM( REGEXREPLACE( REGEXREPLACE( SUBSTITUTE(SUBSTITUTE(SUBSTITUTE(SUBSTITUTE(SUBSTITUTE(SUBSTITUTE(SUBSTITUTE(SUBSTITUTE(SUBSTITUTE(SUBSTITUTE(SUBSTITUTE( B30,""√©"",""é""),""√°"",""á""),""√±"",""ñ""),""√≥"",""ó""),""√â"",""é"""&"),""√Å"",""á""),""√ç"",""í""),""√Ç"",""Í""),""√Â"",""é""),""√≠"",""í""),""√º"",""ú""), ""[,\\.√]"",""""), ""\\s+"","" "") )) "),"Cali") -> Cali | N30: =IFERROR(__xludf.DUMMYFUNCTION("SPLIT( TRIM( SUBSTITUTE( SUBSTITUTE( SUBSTITUTE( SUBSTITUTE( C30, ""√©"", ""é"" ), ""√±"", ""ñ"" ), ""√°"", ""á"" ), ""√≥"", ""ó"" ) ), ""-"" ) "),"Teléfono") -> Teléfono | O30: =IFERROR(__xludf.DUMMYFUNCTION("""COMPUTED_VALUE"""),"Gama baja") -> Gama baja | P30: =IFERROR(__xludf.DUMMYFUNCTION("""COMPUTED_VALUE"""),"4GB") -> 4GB | Q30: =IF(ISBLANK(D30),"0",D30) -> 273.42 | R30: =IF(ISBLANK(E30),"Sin datos",E30) -> 4 | S30: =IF(ISBLANK(F30),"0",F30) -> 1093.68 | T30: =IFERROR(__xludf.DUMMYFUNCTION("PROPER(TRIM( LET( texto1, REGEXREPLACE(G30, ""(?i)\b(DR\.?|SRA?\.?|\(A\)|MTRO\.?|LIC\.?|ING\.?)\b"", """"), texto2, REGEXREPLACE(texto1, ""√©|√â|√Â"", ""é""), texto3, REGEXREPLACE(texto2, ""√°|√Å"", ""á""), texto4, REGEXREPLACE(texto3, "&"""√±"", ""ñ""), texto5, REGEXREPLACE(texto4, ""√≥"", ""ó""), texto6, REGEXREPLACE(texto5, ""√ç|√≠|√Ç"", ""í""), texto7, REGEXREPLACE(texto6, ""√º"", ""ú""), texto8, REGEXREPLACE(texto7, ""[^A-Za-zÁÉÍÓÚÜÑáéíóúüñ\s]"", """"), texto9, REG"&"EXREPLACE(texto8, ""^[A-Za-zÁÉÍÓÚÜÑáéíóúüñ]\s+"", """"), texto10, IF(REGEXMATCH(texto9, ""(?i)^\s*Jos\s*$""), ""José"", texto9), texto11, REGEXREPLACE(texto10, ""(?i)(eé|ée|ee|éé)+"", ""é""), texto12, REGEXREPLACE(texto11, ""(?i)(aá|áa|aa|áá)+"&""", ""á""), texto13, REGEXREPLACE(texto12, ""(?i)(ií|íi|ii|íí)+"", ""í""), texto14, REGEXREPLACE(texto13, ""(?i)(oó|óo|oo|óó)+"", ""ó""), texto15, REGEXREPLACE(texto14, ""(?i)(uú|úu|uu|úú)+"", ""ú""), texto16, REGEXREPLACE(texto15, ""\s{2,"&"}"", "" ""), texto16 ) )) "),"Noemí Julia Zepeda") -> Noemí Julia Zepeda | U30: =I30 -> 102bcf63-b887-46cb-8d4f-8c9404340da9 | V30: =CONCATENATE(N30," ",O30," ",P30) -> Teléfono Gama baja 4GB
A31: 14/11/2024 | B31: Bogotá | C31: Teléfono-Gama media-4GB | D31: 160.68 | E31: 1 | F31: 160.68 | G31: Armando Ricardo Dur√°n | H31: trevinozeferino@hotmail.com | I31: c2c34b94-f490-4a39-9f0d-d895d228fae3 | K31: =IFERROR(__xludf.DUMMYFUNCTION("IF(ISBLANK(A31), """", IF(ISNUMBER(A31), TEXT(A31,""dd/mm/yyyy""), IF( REGEXMATCH(TRIM(A31),""^\d{1,2}/\d{1,2}/\d{4}$""), TRIM(A31), IFERROR( TEXT(DATEVALUE(SUBSTITUTE(SUBSTITUTE(TRIM(A31),""-"",""/""),""."",""/"")),"&"""dd/mm/yyyy""), TRIM(A31) ) ) ) ) "),"14/11/2024") -> 14/11/2024 | L31: 45610 | M31: =IFERROR(__xludf.DUMMYFUNCTION("PROPER(TRIM( REGEXREPLACE( REGEXREPLACE( SUBSTITUTE(SUBSTITUTE(SUBSTITUTE(SUBSTITUTE(SUBSTITUTE(SUBSTITUTE(SUBSTITUTE(SUBSTITUTE(SUBSTITUTE(SUBSTITUTE(SUBSTITUTE( B31,""√©"",""é""),""√°"",""á""),""√±"",""ñ""),""√≥"",""ó""),""√â"",""é"""&"),""√Å"",""á""),""√ç"",""í""),""√Ç"",""Í""),""√Â"",""é""),""√≠"",""í""),""√º"",""ú""), ""[,\\.√]"",""""), ""\\s+"","" "") )) "),"Bogotá") -> Bogotá | N31: =IFERROR(__xludf.DUMMYFUNCTION("SPLIT( TRIM( SUBSTITUTE( SUBSTITUTE( SUBSTITUTE( SUBSTITUTE( C31, ""√©"", ""é"" ), ""√±"", ""ñ"" ), ""√°"", ""á"" ), ""√≥"", ""ó"" ) ), ""-"" ) "),"Teléfono") -> Teléfono | O31: =IFERROR(__xludf.DUMMYFUNCTION("""COMPUTED_VALUE"""),"Gama media") -> Gama media | P31: =IFERROR(__xludf.DUMMYFUNCTION("""COMPUTED_VALUE"""),"4GB") -> 4GB | Q31: =IF(ISBLANK(D31),"0",D31) -> 160.68 | R31: =IF(ISBLANK(E31),"Sin datos",E31) -> 1 | S31: =IF(ISBLANK(F31),"0",F31) -> 160.68 | T31: =IFERROR(__xludf.DUMMYFUNCTION("PROPER(TRIM( LET( texto1, REGEXREPLACE(G31, ""(?i)\b(DR\.?|SRA?\.?|\(A\)|MTRO\.?|LIC\.?|ING\.?)\b"", """"), texto2, REGEXREPLACE(texto1, ""√©|√â|√Â"", ""é""), texto3, REGEXREPLACE(texto2, ""√°|√Å"", ""á""), texto4, REGEXREPLACE(texto3, "&"""√±"", ""ñ""), texto5, REGEXREPLACE(texto4, ""√≥"", ""ó""), texto6, REGEXREPLACE(texto5, ""√ç|√≠|√Ç"", ""í""), texto7, REGEXREPLACE(texto6, ""√º"", ""ú""), texto8, REGEXREPLACE(texto7, ""[^A-Za-zÁÉÍÓÚÜÑáéíóúüñ\s]"", """"), texto9, REG"&"EXREPLACE(texto8, ""^[A-Za-zÁÉÍÓÚÜÑáéíóúüñ]\s+"", """"), texto10, IF(REGEXMATCH(texto9, ""(?i)^\s*Jos\s*$""), ""José"", texto9), texto11, REGEXREPLACE(texto10, ""(?i)(eé|ée|ee|éé)+"", ""é""), texto12, REGEXREPLACE(texto11, ""(?i)(aá|áa|aa|áá)+"&""", ""á""), texto13, REGEXREPLACE(texto12, ""(?i)(ií|íi|ii|íí)+"", ""í""), texto14, REGEXREPLACE(texto13, ""(?i)(oó|óo|oo|óó)+"", ""ó""), texto15, REGEXREPLACE(texto14, ""(?i)(uú|úu|uu|úú)+"", ""ú""), texto16, REGEXREPLACE(texto15, ""\s{2,"&"}"", "" ""), texto16 ) )) "),"Armando Ricardo Durán") -> Armando Ricardo Durán | U31: =I31 -> c2c34b94-f490-4a39-9f0d-d895d228fae3 | V31: =CONCATENATE(N31," ",O31," ",P31) -> Teléfono Gama media 4GB
A32: 45624 | B32: Tulum | C32: Teléfono-Gama alta-16GB | D32: 2297.62 | E32: 4 | F32: 9190.48 | G32: Asunci√≥n Rebeca Rivero | H32: rosalia18@gmail.com | I32: dba5fcd9-c9cd-46ba-a785-12d580ffe57a | K32: =IFERROR(__xludf.DUMMYFUNCTION("IF(ISBLANK(A32), """", IF(ISNUMBER(A32), TEXT(A32,""dd/mm/yyyy""), IF( REGEXMATCH(TRIM(A32),""^\d{1,2}/\d{1,2}/\d{4}$""), TRIM(A32), IFERROR( TEXT(DATEVALUE(SUBSTITUTE(SUBSTITUTE(TRIM(A32),""-"",""/""),""."",""/"")),"&"""dd/mm/yyyy""), TRIM(A32) ) ) ) ) "),"28/11/2024") -> 28/11/2024 | L32: 45624 | M32: =IFERROR(__xludf.DUMMYFUNCTION("PROPER(TRIM( REGEXREPLACE( REGEXREPLACE( SUBSTITUTE(SUBSTITUTE(SUBSTITUTE(SUBSTITUTE(SUBSTITUTE(SUBSTITUTE(SUBSTITUTE(SUBSTITUTE(SUBSTITUTE(SUBSTITUTE(SUBSTITUTE( B32,""√©"",""é""),""√°"",""á""),""√±"",""ñ""),""√≥"",""ó""),""√â"",""é"""&"),""√Å"",""á""),""√ç"",""í""),""√Ç"",""Í""),""√Â"",""é""),""√≠"",""í""),""√º"",""ú""), ""[,\\.√]"",""""), ""\\s+"","" "") )) "),"Tulum") -> Tulum | N32: =IFERROR(__xludf.DUMMYFUNCTION("SPLIT( TRIM( SUBSTITUTE( SUBSTITUTE( SUBSTITUTE( SUBSTITUTE( C32, ""√©"", ""é"" ), ""√±"", ""ñ"" ), ""√°"", ""á"" ), ""√≥"", ""ó"" ) ), ""-"" ) "),"Teléfono") -> Teléfono | O32: =IFERROR(__xludf.DUMMYFUNCTION("""COMPUTED_VALUE"""),"Gama alta") -> Gama alta | P32: =IFERROR(__xludf.DUMMYFUNCTION("""COMPUTED_VALUE"""),"16GB") -> 16GB | Q32: =IF(ISBLANK(D32),"0",D32) -> 2297.62 | R32: =IF(ISBLANK(E32),"Sin datos",E32) -> 4 | S32: =IF(ISBLANK(F32),"0",F32) -> 9190.48 | T32: =IFERROR(__xludf.DUMMYFUNCTION("PROPER(TRIM( LET( texto1, REGEXREPLACE(G32, ""(?i)\b(DR\.?|SRA?\.?|\(A\)|MTRO\.?|LIC\.?|ING\.?)\b"", """"), texto2, REGEXREPLACE(texto1, ""√©|√â|√Â"", ""é""), texto3, REGEXREPLACE(texto2, ""√°|√Å"", ""á""), texto4, REGEXREPLACE(texto3, "&"""√±"", ""ñ""), texto5, REGEXREPLACE(texto4, ""√≥"", ""ó""), texto6, REGEXREPLACE(texto5, ""√ç|√≠|√Ç"", ""í""), texto7, REGEXREPLACE(texto6, ""√º"", ""ú""), texto8, REGEXREPLACE(texto7, ""[^A-Za-zÁÉÍÓÚÜÑáéíóúüñ\s]"", """"), texto9, REG"&"EXREPLACE(texto8, ""^[A-Za-zÁÉÍÓÚÜÑáéíóúüñ]\s+"", """"), texto10, IF(REGEXMATCH(texto9, ""(?i)^\s*Jos\s*$""), ""José"", texto9), texto11, REGEXREPLACE(texto10, ""(?i)(eé|ée|ee|éé)+"", ""é""), texto12, REGEXREPLACE(texto11, ""(?i)(aá|áa|aa|áá)+"&""", ""á""), texto13, REGEXREPLACE(texto12, ""(?i)(ií|íi|ii|íí)+"", ""í""), texto14, REGEXREPLACE(texto13, ""(?i)(oó|óo|oo|óó)+"", ""ó""), texto15, REGEXREPLACE(texto14, ""(?i)(uú|úu|uu|úú)+"", ""ú""), texto16, REGEXREPLACE(texto15, ""\s{2,"&"}"", "" ""), texto16 ) )) "),"Asunción Rebeca Rivero") -> Asunción Rebeca Rivero | U32: =I32 -> dba5fcd9-c9cd-46ba-a785-12d580ffe57a | V32: =CONCATENATE(N32," ",O32," ",P32) -> Teléfono Gama alta 16GB
A33: 45601 | B33: Ciudad de M√©xico | C33: Laptop-Gaming-8GB | D33: 1040.78 | E33: 2 | F33: 2081.56 | G33: Ruby Virginia Salcido | H33: zoe99@ornelas.com | I33: 10459092-6977-440d-ad85-b85e03763cf7 | K33: =IFERROR(__xludf.DUMMYFUNCTION("IF(ISBLANK(A33), """", IF(ISNUMBER(A33), TEXT(A33,""dd/mm/yyyy""), IF( REGEXMATCH(TRIM(A33),""^\d{1,2}/\d{1,2}/\d{4}$""), TRIM(A33), IFERROR( TEXT(DATEVALUE(SUBSTITUTE(SUBSTITUTE(TRIM(A33),""-"",""/""),""."",""/"")),"&"""dd/mm/yyyy""), TRIM(A33) ) ) ) ) "),"05/11/2024") -> 05/11/2024 | L33: 45601 | M33: =IFERROR(__xludf.DUMMYFUNCTION("PROPER(TRIM( REGEXREPLACE( REGEXREPLACE( SUBSTITUTE(SUBSTITUTE(SUBSTITUTE(SUBSTITUTE(SUBSTITUTE(SUBSTITUTE(SUBSTITUTE(SUBSTITUTE(SUBSTITUTE(SUBSTITUTE(SUBSTITUTE( B33,""√©"",""é""),""√°"",""á""),""√±"",""ñ""),""√≥"",""ó""),""√â"",""é"""&"),""√Å"",""á""),""√ç"",""í""),""√Ç"",""Í""),""√Â"",""é""),""√≠"",""í""),""√º"",""ú""), ""[,\\.√]"",""""), ""\\s+"","" "") )) "),"Ciudad De México") -> Ciudad De México | N33: =IFERROR(__xludf.DUMMYFUNCTION("SPLIT( TRIM( SUBSTITUTE( SUBSTITUTE( SUBSTITUTE( SUBSTITUTE( C33, ""√©"", ""é"" ), ""√±"", ""ñ"" ), ""√°"", ""á"" ), ""√≥"", ""ó"" ) ), ""-"" ) "),"Laptop") -> Laptop | O33: =IFERROR(__xludf.DUMMYFUNCTION("""COMPUTED_VALUE"""),"Gaming") -> Gaming | P33: =IFERROR(__xludf.DUMMYFUNCTION("""COMPUTED_VALUE"""),"8GB") -> 8GB | Q33: =IF(ISBLANK(D33),"0",D33) -> 1040.78 | R33: =IF(ISBLANK(E33),"Sin datos",E33) -> 2 | S33: =IF(ISBLANK(F33),"0",F33) -> 2081.56 | T33: =IFERROR(__xludf.DUMMYFUNCTION("PROPER(TRIM( LET( texto1, REGEXREPLACE(G33, ""(?i)\b(DR\.?|SRA?\.?|\(A\)|MTRO\.?|LIC\.?|ING\.?)\b"", """"), texto2, REGEXREPLACE(texto1, ""√©|√â|√Â"", ""é""), texto3, REGEXREPLACE(texto2, ""√°|√Å"", ""á""), texto4, REGEXREPLACE(texto3, "&"""√±"", ""ñ""), texto5, REGEXREPLACE(texto4, ""√≥"", ""ó""), texto6, REGEXREPLACE(texto5, ""√ç|√≠|√Ç"", ""í""), texto7, REGEXREPLACE(texto6, ""√º"", ""ú""), texto8, REGEXREPLACE(texto7, ""[^A-Za-zÁÉÍÓÚÜÑáéíóúüñ\s]"", """"), texto9, REG"&"EXREPLACE(texto8, ""^[A-Za-zÁÉÍÓÚÜÑáéíóúüñ]\s+"", """"), texto10, IF(REGEXMATCH(texto9, ""(?i)^\s*Jos\s*$""), ""José"", texto9), texto11, REGEXREPLACE(texto10, ""(?i)(eé|ée|ee|éé)+"", ""é""), texto12, REGEXREPLACE(texto11, ""(?i)(aá|áa|aa|áá)+"&""", ""á""), texto13, REGEXREPLACE(texto12, ""(?i)(ií|íi|ii|íí)+"", ""í""), texto14, REGEXREPLACE(texto13, ""(?i)(oó|óo|oo|óó)+"", ""ó""), texto15, REGEXREPLACE(texto14, ""(?i)(uú|úu|uu|úú)+"", ""ú""), texto16, REGEXREPLACE(texto15, ""\s{2,"&"}"", "" ""), texto16 ) )) "),"Ruby Virginia Salcido") -> Ruby Virginia Salcido | U33: =I33 -> 10459092-6977-440d-ad85-b85e03763cf7 | V33: =CONCATENATE(N33," ",O33," ",P33) -> Laptop Gaming 8GB
A34: 23/10/2024 | B34: Cali | C34: Laptop-Oficina-8GB | D34: 1850.94 | E34: 1 | F34: 1850.94 | G34: Blanca Ord√≥√±ez Matos | H34: yuridiavillagomez@yahoo.com | I34: e9bf9df3-945d-4164-9afd-4e3cdee9991c | K34: =IFERROR(__xludf.DUMMYFUNCTION("IF(ISBLANK(A34), """", IF(ISNUMBER(A34), TEXT(A34,""dd/mm/yyyy""), IF( REGEXMATCH(TRIM(A34),""^\d{1,2}/\d{1,2}/\d{4}$""), TRIM(A34), IFERROR( TEXT(DATEVALUE(SUBSTITUTE(SUBSTITUTE(TRIM(A34),""-"",""/""),""."",""/"")),"&"""dd/mm/yyyy""), TRIM(A34) ) ) ) ) "),"23/10/2024") -> 23/10/2024 | L34: 45588 | M34: =IFERROR(__xludf.DUMMYFUNCTION("PROPER(TRIM( REGEXREPLACE( REGEXREPLACE( SUBSTITUTE(SUBSTITUTE(SUBSTITUTE(SUBSTITUTE(SUBSTITUTE(SUBSTITUTE(SUBSTITUTE(SUBSTITUTE(SUBSTITUTE(SUBSTITUTE(SUBSTITUTE( B34,""√©"",""é""),""√°"",""á""),""√±"",""ñ""),""√≥"",""ó""),""√â"",""é"""&"),""√Å"",""á""),""√ç"",""í""),""√Ç"",""Í""),""√Â"",""é""),""√≠"",""í""),""√º"",""ú""), ""[,\\.√]"",""""), ""\\s+"","" "") )) "),"Cali") -> Cali | N34: =IFERROR(__xludf.DUMMYFUNCTION("SPLIT( TRIM( SUBSTITUTE( SUBSTITUTE( SUBSTITUTE( SUBSTITUTE( C34, ""√©"", ""é"" ), ""√±"", ""ñ"" ), ""√°"", ""á"" ), ""√≥"", ""ó"" ) ), ""-"" ) "),"Laptop") -> Laptop | O34: =IFERROR(__xludf.DUMMYFUNCTION("""COMPUTED_VALUE"""),"Oficina") -> Oficina | P34: =IFERROR(__xludf.DUMMYFUNCTION("""COMPUTED_VALUE"""),"8GB") -> 8GB | Q34: =IF(ISBLANK(D34),"0",D34) -> 1850.94 | R34: =IF(ISBLANK(E34),"Sin datos",E34) -> 1 | S34: =IF(ISBLANK(F34),"0",F34) -> 1850.94 | T34: =IFERROR(__xludf.DUMMYFUNCTION("PROPER(TRIM( LET( texto1, REGEXREPLACE(G34, ""(?i)\b(DR\.?|SRA?\.?|\(A\)|MTRO\.?|LIC\.?|ING\.?)\b"", """"), texto2, REGEXREPLACE(texto1, ""√©|√â|√Â"", ""é""), texto3, REGEXREPLACE(texto2, ""√°|√Å"", ""á""), texto4, REGEXREPLACE(texto3, "&"""√±"", ""ñ""), texto5, REGEXREPLACE(texto4, ""√≥"", ""ó""), texto6, REGEXREPLACE(texto5, ""√ç|√≠|√Ç"", ""í""), texto7, REGEXREPLACE(texto6, ""√º"", ""ú""), texto8, REGEXREPLACE(texto7, ""[^A-Za-zÁÉÍÓÚÜÑáéíóúüñ\s]"", """"), texto9, REG"&"EXREPLACE(texto8, ""^[A-Za-zÁÉÍÓÚÜÑáéíóúüñ]\s+"", """"), texto10, IF(REGEXMATCH(texto9, ""(?i)^\s*Jos\s*$""), ""José"", texto9), texto11, REGEXREPLACE(texto10, ""(?i)(eé|ée|ee|éé)+"", ""é""), texto12, REGEXREPLACE(texto11, ""(?i)(aá|áa|aa|áá)+"&""", ""á""), texto13, REGEXREPLACE(texto12, ""(?i)(ií|íi|ii|íí)+"", ""í""), texto14, REGEXREPLACE(texto13, ""(?i)(oó|óo|oo|óó)+"", ""ó""), texto15, REGEXREPLACE(texto14, ""(?i)(uú|úu|uu|úú)+"", ""ú""), texto16, REGEXREPLACE(texto15, ""\s{2,"&"}"", "" ""), texto16 ) )) "),"Blanca Ordóñez Matos") -> Blanca Ordóñez Matos | U34: =I34 -> e9bf9df3-945d-4164-9afd-4e3cdee9991c | V34: =CONCATENATE(N34," ",O34," ",P34) -> Laptop Oficina 8GB
A35: 45657 | B35: Guadalajara | C35: Auriculares-Con cable-8GB | D35: 134.89 | E35: 5 | F35: 674.45 | G35: Mar√≠a Jos√© Jacobo Perales Ortiz | H35: oliver93@hotmail.com | I35: ead07a50-6dc3-4997-a078-77b5ae38bb54 | K35: =IFERROR(__xludf.DUMMYFUNCTION("IF(ISBLANK(A35), """", IF(ISNUMBER(A35), TEXT(A35,""dd/mm/yyyy""), IF( REGEXMATCH(TRIM(A35),""^\d{1,2}/\d{1,2}/\d{4}$""), TRIM(A35), IFERROR( TEXT(DATEVALUE(SUBSTITUTE(SUBSTITUTE(TRIM(A35),""-"",""/""),""."",""/"")),"&"""dd/mm/yyyy""), TRIM(A35) ) ) ) ) "),"31/12/2024") -> 31/12/2024 | L35: 45657 | M35: =IFERROR(__xludf.DUMMYFUNCTION("PROPER(TRIM( REGEXREPLACE( REGEXREPLACE( SUBSTITUTE(SUBSTITUTE(SUBSTITUTE(SUBSTITUTE(SUBSTITUTE(SUBSTITUTE(SUBSTITUTE(SUBSTITUTE(SUBSTITUTE(SUBSTITUTE(SUBSTITUTE( B35,""√©"",""é""),""√°"",""á""),""√±"",""ñ""),""√≥"",""ó""),""√â"",""é"""&"),""√Å"",""á""),""√ç"",""í""),""√Ç"",""Í""),""√Â"",""é""),""√≠"",""í""),""√º"",""ú""), ""[,\\.√]"",""""), ""\\s+"","" "") )) "),"Guadalajara") -> Guadalajara | N35: =IFERROR(__xludf.DUMMYFUNCTION("SPLIT( TRIM( SUBSTITUTE( SUBSTITUTE( SUBSTITUTE( SUBSTITUTE( C35, ""√©"", ""é"" ), ""√±"", ""ñ"" ), ""√°"", ""á"" ), ""√≥"", ""ó"" ) ), ""-"" ) "),"Auriculares") -> Auriculares | O35: =IFERROR(__xludf.DUMMYFUNCTION("""COMPUTED_VALUE"""),"Con cable") -> Con cable | P35: =IFERROR(__xludf.DUMMYFUNCTION("""COMPUTED_VALUE"""),"8GB") -> 8GB | Q35: =IF(ISBLANK(D35),"0",D35) -> 134.89 | R35: =IF(ISBLANK(E35),"Sin datos",E35) -> 5 | S35: =IF(ISBLANK(F35),"0",F35) -> 674.45 | T35: =IFERROR(__xludf.DUMMYFUNCTION("PROPER(TRIM( LET( texto1, REGEXREPLACE(G35, ""(?i)\b(DR\.?|SRA?\.?|\(A\)|MTRO\.?|LIC\.?|ING\.?)\b"", """"), texto2, REGEXREPLACE(texto1, ""√©|√â|√Â"", ""é""), texto3, REGEXREPLACE(texto2, ""√°|√Å"", ""á""), texto4, REGEXREPLACE(texto3, "&"""√±"", ""ñ""), texto5, REGEXREPLACE(texto4, ""√≥"", ""ó""), texto6, REGEXREPLACE(texto5, ""√ç|√≠|√Ç"", ""í""), texto7, REGEXREPLACE(texto6, ""√º"", ""ú""), texto8, REGEXREPLACE(texto7, ""[^A-Za-zÁÉÍÓÚÜÑáéíóúüñ\s]"", """"), texto9, REG"&"EXREPLACE(texto8, ""^[A-Za-zÁÉÍÓÚÜÑáéíóúüñ]\s+"", """"), texto10, IF(REGEXMATCH(texto9, ""(?i)^\s*Jos\s*$""), ""José"", texto9), texto11, REGEXREPLACE(texto10, ""(?i)(eé|ée|ee|éé)+"", ""é""), texto12, REGEXREPLACE(texto11, ""(?i)(aá|áa|aa|áá)+"&""", ""á""), texto13, REGEXREPLACE(texto12, ""(?i)(ií|íi|ii|íí)+"", ""í""), texto14, REGEXREPLACE(texto13, ""(?i)(oó|óo|oo|óó)+"", ""ó""), texto15, REGEXREPLACE(texto14, ""(?i)(uú|úu|uu|úú)+"", ""ú""), texto16, REGEXREPLACE(texto15, ""\s{2,"&"}"", "" ""), texto16 ) )) "),"María José Jacobo Perales Ortiz") -> María José Jacobo Perales Ortiz | U35: =I35 -> ead07a50-6dc3-4997-a078-77b5ae38bb54 | V35: =CONCATENATE(N35," ",O35," ",P35) -> Auriculares Con cable 8GB
A36: 45573 | B36: Medellín | C36: Laptop-Ultraliviana-4GB | D36: 2314.37 | E36: 5 | F36: 11571.85 | G36: Rosalia Alc√°ntar | H36: luisamata@barajas-de.org | I36: a9fee7b5-3729-4db8-815f-355ff6236823 | K36: =IFERROR(__xludf.DUMMYFUNCTION("IF(ISBLANK(A36), """", IF(ISNUMBER(A36), TEXT(A36,""dd/mm/yyyy""), IF( REGEXMATCH(TRIM(A36),""^\d{1,2}/\d{1,2}/\d{4}$""), TRIM(A36), IFERROR( TEXT(DATEVALUE(SUBSTITUTE(SUBSTITUTE(TRIM(A36),""-"",""/""),""."",""/"")),"&"""dd/mm/yyyy""), TRIM(A36) ) ) ) ) "),"08/10/2024") -> 08/10/2024 | L36: 45573 | M36: =IFERROR(__xludf.DUMMYFUNCTION("PROPER(TRIM( REGEXREPLACE( REGEXREPLACE( SUBSTITUTE(SUBSTITUTE(SUBSTITUTE(SUBSTITUTE(SUBSTITUTE(SUBSTITUTE(SUBSTITUTE(SUBSTITUTE(SUBSTITUTE(SUBSTITUTE(SUBSTITUTE( B36,""√©"",""é""),""√°"",""á""),""√±"",""ñ""),""√≥"",""ó""),""√â"",""é"""&"),""√Å"",""á""),""√ç"",""í""),""√Ç"",""Í""),""√Â"",""é""),""√≠"",""í""),""√º"",""ú""), ""[,\\.√]"",""""), ""\\s+"","" "") )) "),"Medellín") -> Medellín | N36: =IFERROR(__xludf.DUMMYFUNCTION("SPLIT( TRIM( SUBSTITUTE( SUBSTITUTE( SUBSTITUTE( SUBSTITUTE( C36, ""√©"", ""é"" ), ""√±"", ""ñ"" ), ""√°"", ""á"" ), ""√≥"", ""ó"" ) ), ""-"" ) "),"Laptop") -> Laptop | O36: =IFERROR(__xludf.DUMMYFUNCTION("""COMPUTED_VALUE"""),"Ultraliviana") -> Ultraliviana | P36: =IFERROR(__xludf.DUMMYFUNCTION("""COMPUTED_VALUE"""),"4GB") -> 4GB | Q36: =IF(ISBLANK(D36),"0",D36) -> 2314.37 | R36: =IF(ISBLANK(E36),"Sin datos",E36) -> 5 | S36: =IF(ISBLANK(F36),"0",F36) -> 11571.85 | T36: =IFERROR(__xludf.DUMMYFUNCTION("PROPER(TRIM( LET( texto1, REGEXREPLACE(G36, ""(?i)\b(DR\.?|SRA?\.?|\(A\)|MTRO\.?|LIC\.?|ING\.?)\b"", """"), texto2, REGEXREPLACE(texto1, ""√©|√â|√Â"", ""é""), texto3, REGEXREPLACE(texto2, ""√°|√Å"", ""á""), texto4, REGEXREPLACE(texto3, "&"""√±"", ""ñ""), texto5, REGEXREPLACE(texto4, ""√≥"", ""ó""), texto6, REGEXREPLACE(texto5, ""√ç|√≠|√Ç"", ""í""), texto7, REGEXREPLACE(texto6, ""√º"", ""ú""), texto8, REGEXREPLACE(texto7, ""[^A-Za-zÁÉÍÓÚÜÑáéíóúüñ\s]"", """"), texto9, REG"&"EXREPLACE(texto8, ""^[A-Za-zÁÉÍÓÚÜÑáéíóúüñ]\s+"", """"), texto10, IF(REGEXMATCH(texto9, ""(?i)^\s*Jos\s*$""), ""José"", texto9), texto11, REGEXREPLACE(texto10, ""(?i)(eé|ée|ee|éé)+"", ""é""), texto12, REGEXREPLACE(texto11, ""(?i)(aá|áa|aa|áá)+"&""", ""á""), texto13, REGEXREPLACE(texto12, ""(?i)(ií|íi|ii|íí)+"", ""í""), texto14, REGEXREPLACE(texto13, ""(?i)(oó|óo|oo|óó)+"", ""ó""), texto15, REGEXREPLACE(texto14, ""(?i)(uú|úu|uu|úú)+"", ""ú""), texto16, REGEXREPLACE(texto15, ""\s{2,"&"}"", "" ""), texto16 ) )) "),"Rosalia Alcántar") -> Rosalia Alcántar | U36: =I36 -> a9fee7b5-3729-4db8-815f-355ff6236823 | V36: =CONCATENATE(N36," ",O36," ",P36) -> Laptop Ultraliviana 4GB
A37: 45641 | B37: Monterrey | C37: Tablet-Mini-8GB | D37: 787.6 | E37: 1 | F37: 787.6 | G37: Emilio Almaraz | H37: avera@yahoo.com | I37: 72bb2e02-f0ab-4425-ad19-83e3487dfc79 | K37: =IFERROR(__xludf.DUMMYFUNCTION("IF(ISBLANK(A37), """", IF(ISNUMBER(A37), TEXT(A37,""dd/mm/yyyy""), IF( REGEXMATCH(TRIM(A37),""^\d{1,2}/\d{1,2}/\d{4}$""), TRIM(A37), IFERROR( TEXT(DATEVALUE(SUBSTITUTE(SUBSTITUTE(TRIM(A37),""-"",""/""),""."",""/"")),"&"""dd/mm/yyyy""), TRIM(A37) ) ) ) ) "),"15/12/2024") -> 15/12/2024 | L37: 45641 | M37: =IFERROR(__xludf.DUMMYFUNCTION("PROPER(TRIM( REGEXREPLACE( REGEXREPLACE( SUBSTITUTE(SUBSTITUTE(SUBSTITUTE(SUBSTITUTE(SUBSTITUTE(SUBSTITUTE(SUBSTITUTE(SUBSTITUTE(SUBSTITUTE(SUBSTITUTE(SUBSTITUTE( B37,""√©"",""é""),""√°"",""á""),""√±"",""ñ""),""√≥"",""ó""),""√â"",""é"""&"),""√Å"",""á""),""√ç"",""í""),""√Ç"",""Í""),""√Â"",""é""),""√≠"",""í""),""√º"",""ú""), ""[,\\.√]"",""""), ""\\s+"","" "") )) "),"Monterrey") -> Monterrey | N37: =IFERROR(__xludf.DUMMYFUNCTION("SPLIT( TRIM( SUBSTITUTE( SUBSTITUTE( SUBSTITUTE( SUBSTITUTE( C37, ""√©"", ""é"" ), ""√±"", ""ñ"" ), ""√°"", ""á"" ), ""√≥"", ""ó"" ) ), ""-"" ) "),"Tablet") -> Tablet | O37: =IFERROR(__xludf.DUMMYFUNCTION("""COMPUTED_VALUE"""),"Mini") -> Mini | P37: =IFERROR(__xludf.DUMMYFUNCTION("""COMPUTED_VALUE"""),"8GB") -> 8GB | Q37: =IF(ISBLANK(D37),"0",D37) -> 787.6 | R37: =IF(ISBLANK(E37),"Sin datos",E37) -> 1 | S37: =IF(ISBLANK(F37),"0",F37) -> 787.6 | T37: =IFERROR(__xludf.DUMMYFUNCTION("PROPER(TRIM( LET( texto1, REGEXREPLACE(G37, ""(?i)\b(DR\.?|SRA?\.?|\(A\)|MTRO\.?|LIC\.?|ING\.?)\b"", """"), texto2, REGEXREPLACE(texto1, ""√©|√â|√Â"", ""é""), texto3, REGEXREPLACE(texto2, ""√°|√Å"", ""á""), texto4, REGEXREPLACE(texto3, "&"""√±"", ""ñ""), texto5, REGEXREPLACE(texto4, ""√≥"", ""ó""), texto6, REGEXREPLACE(texto5, ""√ç|√≠|√Ç"", ""í""), texto7, REGEXREPLACE(texto6, ""√º"", ""ú""), texto8, REGEXREPLACE(texto7, ""[^A-Za-zÁÉÍÓÚÜÑáéíóúüñ\s]"", """"), texto9, REG"&"EXREPLACE(texto8, ""^[A-Za-zÁÉÍÓÚÜÑáéíóúüñ]\s+"", """"), texto10, IF(REGEXMATCH(texto9, ""(?i)^\s*Jos\s*$""), ""José"", texto9), texto11, REGEXREPLACE(texto10, ""(?i)(eé|ée|ee|éé)+"", ""é""), texto12, REGEXREPLACE(texto11, ""(?i)(aá|áa|aa|áá)+"&""", ""á""), texto13, REGEXREPLACE(texto12, ""(?i)(ií|íi|ii|íí)+"", ""í""), texto14, REGEXREPLACE(texto13, ""(?i)(oó|óo|oo|óó)+"", ""ó""), texto15, REGEXREPLACE(texto14, ""(?i)(uú|úu|uu|úú)+"", ""ú""), texto16, REGEXREPLACE(texto15, ""\s{2,"&"}"", "" ""), texto16 ) )) "),"Emilio Almaraz") -> Emilio Almaraz | U37: =I37 -> 72bb2e02-f0ab-4425-ad19-83e3487dfc79 | V37: =CONCATENATE(N37," ",O37," ",P37) -> Tablet Mini 8GB
A38: 25/12/2024 | B38: Guadalajara | C38: Auriculares-Cancelación de ruido-32GB | D38: 1532.2 | E38: 1 | F38: 1532.2 | G38: Dar√≠o Mart√≠n Tovar | H38: eduardo10@gmail.com | I38: ced0a1f9-ee13-48fd-ae58-db4f7cdfb189 | K38: =IFERROR(__xludf.DUMMYFUNCTION("IF(ISBLANK(A38), """", IF(ISNUMBER(A38), TEXT(A38,""dd/mm/yyyy""), IF( REGEXMATCH(TRIM(A38),""^\d{1,2}/\d{1,2}/\d{4}$""), TRIM(A38), IFERROR( TEXT(DATEVALUE(SUBSTITUTE(SUBSTITUTE(TRIM(A38),""-"",""/""),""."",""/"")),"&"""dd/mm/yyyy""), TRIM(A38) ) ) ) ) "),"25/12/2024") -> 25/12/2024 | L38: 45651 | M38: =IFERROR(__xludf.DUMMYFUNCTION("PROPER(TRIM( REGEXREPLACE( REGEXREPLACE( SUBSTITUTE(SUBSTITUTE(SUBSTITUTE(SUBSTITUTE(SUBSTITUTE(SUBSTITUTE(SUBSTITUTE(SUBSTITUTE(SUBSTITUTE(SUBSTITUTE(SUBSTITUTE( B38,""√©"",""é""),""√°"",""á""),""√±"",""ñ""),""√≥"",""ó""),""√â"",""é"""&"),""√Å"",""á""),""√ç"",""í""),""√Ç"",""Í""),""√Â"",""é""),""√≠"",""í""),""√º"",""ú""), ""[,\\.√]"",""""), ""\\s+"","" "") )) "),"Guadalajara") -> Guadalajara | N38: =IFERROR(__xludf.DUMMYFUNCTION("SPLIT( TRIM( SUBSTITUTE( SUBSTITUTE( SUBSTITUTE( SUBSTITUTE( C38, ""√©"", ""é"" ), ""√±"", ""ñ"" ), ""√°"", ""á"" ), ""√≥"", ""ó"" ) ), ""-"" ) "),"Auriculares") -> Auriculares | O38: =IFERROR(__xludf.DUMMYFUNCTION("""COMPUTED_VALUE"""),"Cancelación de ruido") -> Cancelación de ruido | P38: =IFERROR(__xludf.DUMMYFUNCTION("""COMPUTED_VALUE"""),"32GB") -> 32GB | Q38: =IF(ISBLANK(D38),"0",D38) -> 1532.2 | R38: =IF(ISBLANK(E38),"Sin datos",E38) -> 1 | S38: =IF(ISBLANK(F38),"0",F38) -> 1532.2 | T38: =IFERROR(__xludf.DUMMYFUNCTION("PROPER(TRIM( LET( texto1, REGEXREPLACE(G38, ""(?i)\b(DR\.?|SRA?\.?|\(A\)|MTRO\.?|LIC\.?|ING\.?)\b"", """"), texto2, REGEXREPLACE(texto1, ""√©|√â|√Â"", ""é""), texto3, REGEXREPLACE(texto2, ""√°|√Å"", ""á""), texto4, REGEXREPLACE(texto3, "&"""√±"", ""ñ""), texto5, REGEXREPLACE(texto4, ""√≥"", ""ó""), texto6, REGEXREPLACE(texto5, ""√ç|√≠|√Ç"", ""í""), texto7, REGEXREPLACE(texto6, ""√º"", ""ú""), texto8, REGEXREPLACE(texto7, ""[^A-Za-zÁÉÍÓÚÜÑáéíóúüñ\s]"", """"), texto9, REG"&"EXREPLACE(texto8, ""^[A-Za-zÁÉÍÓÚÜÑáéíóúüñ]\s+"", """"), texto10, IF(REGEXMATCH(texto9, ""(?i)^\s*Jos\s*$""), ""José"", texto9), texto11, REGEXREPLACE(texto10, ""(?i)(eé|ée|ee|éé)+"", ""é""), texto12, REGEXREPLACE(texto11, ""(?i)(aá|áa|aa|áá)+"&""", ""á""), texto13, REGEXREPLACE(texto12, ""(?i)(ií|íi|ii|íí)+"", ""í""), texto14, REGEXREPLACE(texto13, ""(?i)(oó|óo|oo|óó)+"", ""ó""), texto15, REGEXREPLACE(texto14, ""(?i)(uú|úu|uu|úú)+"", ""ú""), texto16, REGEXREPLACE(texto15, ""\s{2,"&"}"", "" ""), texto16 ) )) "),"Darío Martín Tovar") -> Darío Martín Tovar | U38: =I38 -> ced0a1f9-ee13-48fd-ae58-db4f7cdfb189 | V38: =CONCATENATE(N38," ",O38," ",P38) -> Auriculares Cancelación de ruido 32GB
A39: 45594 | B39: Guadalajara | C39: Auriculares-Cancelación de ruido-8GB | D39: 1741.09 | E39: 4 | F39: 6964.36 | G39: Nadia Ana Mar√≠a Merino Arteaga | H39: arico@almaraz-ontiveros.com | I39: 446489c3-d916-48e8-af47-535cb42956ac | K39: =IFERROR(__xludf.DUMMYFUNCTION("IF(ISBLANK(A39), """", IF(ISNUMBER(A39), TEXT(A39,""dd/mm/yyyy""), IF( REGEXMATCH(TRIM(A39),""^\d{1,2}/\d{1,2}/\d{4}$""), TRIM(A39), IFERROR( TEXT(DATEVALUE(SUBSTITUTE(SUBSTITUTE(TRIM(A39),""-"",""/""),""."",""/"")),"&"""dd/mm/yyyy""), TRIM(A39) ) ) ) ) "),"29/10/2024") -> 29/10/2024 | L39: 45594 | M39: =IFERROR(__xludf.DUMMYFUNCTION("PROPER(TRIM( REGEXREPLACE( REGEXREPLACE( SUBSTITUTE(SUBSTITUTE(SUBSTITUTE(SUBSTITUTE(SUBSTITUTE(SUBSTITUTE(SUBSTITUTE(SUBSTITUTE(SUBSTITUTE(SUBSTITUTE(SUBSTITUTE( B39,""√©"",""é""),""√°"",""á""),""√±"",""ñ""),""√≥"",""ó""),""√â"",""é"""&"),""√Å"",""á""),""√ç"",""í""),""√Ç"",""Í""),""√Â"",""é""),""√≠"",""í""),""√º"",""ú""), ""[,\\.√]"",""""), ""\\s+"","" "") )) "),"Guadalajara") -> Guadalajara | N39: =IFERROR(__xludf.DUMMYFUNCTION("SPLIT( TRIM( SUBSTITUTE( SUBSTITUTE( SUBSTITUTE( SUBSTITUTE( C39, ""√©"", ""é"" ), ""√±"", ""ñ"" ), ""√°"", ""á"" ), ""√≥"", ""ó"" ) ), ""-"" ) "),"Auriculares") -> Auriculares | O39: =IFERROR(__xludf.DUMMYFUNCTION("""COMPUTED_VALUE"""),"Cancelación de ruido") -> Cancelación de ruido | P39: =IFERROR(__xludf.DUMMYFUNCTION("""COMPUTED_VALUE"""),"8GB") -> 8GB | Q39: =IF(ISBLANK(D39),"0",D39) -> 1741.09 | R39: =IF(ISBLANK(E39),"Sin datos",E39) -> 4 | S39: =IF(ISBLANK(F39),"0",F39) -> 6964.36 | T39: =IFERROR(__xludf.DUMMYFUNCTION("PROPER(TRIM( LET( texto1, REGEXREPLACE(G39, ""(?i)\b(DR\.?|SRA?\.?|\(A\)|MTRO\.?|LIC\.?|ING\.?)\b"", """"), texto2, REGEXREPLACE(texto1, ""√©|√â|√Â"", ""é""), texto3, REGEXREPLACE(texto2, ""√°|√Å"", ""á""), texto4, REGEXREPLACE(texto3, "&"""√±"", ""ñ""), texto5, REGEXREPLACE(texto4, ""√≥"", ""ó""), texto6, REGEXREPLACE(texto5, ""√ç|√≠|√Ç"", ""í""), texto7, REGEXREPLACE(texto6, ""√º"", ""ú""), texto8, REGEXREPLACE(texto7, ""[^A-Za-zÁÉÍÓÚÜÑáéíóúüñ\s]"", """"), texto9, REG"&"EXREPLACE(texto8, ""^[A-Za-zÁÉÍÓÚÜÑáéíóúüñ]\s+"", """"), texto10, IF(REGEXMATCH(texto9, ""(?i)^\s*Jos\s*$""), ""José"", texto9), texto11, REGEXREPLACE(texto10, ""(?i)(eé|ée|ee|éé)+"", ""é""), texto12, REGEXREPLACE(texto11, ""(?i)(aá|áa|aa|áá)+"&""", ""á""), texto13, REGEXREPLACE(texto12, ""(?i)(ií|íi|ii|íí)+"", ""í""), texto14, REGEXREPLACE(texto13, ""(?i)(oó|óo|oo|óó)+"", ""ó""), texto15, REGEXREPLACE(texto14, ""(?i)(uú|úu|uu|úú)+"", ""ú""), texto16, REGEXREPLACE(texto15, ""\s{2,"&"}"", "" ""), texto16 ) )) "),"Nadia Ana María Merino Arteaga") -> Nadia Ana María Merino Arteaga | U39: =I39 -> 446489c3-d916-48e8-af47-535cb42956ac | V39: =CONCATENATE(N39," ",O39," ",P39) -> Auriculares Cancelación de ruido 8GB
A40: 45640 | B40: Cali | C40: Laptop-Gaming-4GB | D40: 2116.69 | E40: 2 | F40: 4233.38 | G40: Uriel Montes Contreras | H40: fserrano@vela.com | I40: ab896c73-e2a6-4dc5-922f-889ab750954e | K40: =IFERROR(__xludf.DUMMYFUNCTION("IF(ISBLANK(A40), """", IF(ISNUMBER(A40), TEXT(A40,""dd/mm/yyyy""), IF( REGEXMATCH(TRIM(A40),""^\d{1,2}/\d{1,2}/\d{4}$""), TRIM(A40), IFERROR( TEXT(DATEVALUE(SUBSTITUTE(SUBSTITUTE(TRIM(A40),""-"",""/""),""."",""/"")),"&"""dd/mm/yyyy""), TRIM(A40) ) ) ) ) "),"14/12/2024") -> 14/12/2024 | L40: 45640 | M40: =IFERROR(__xludf.DUMMYFUNCTION("PROPER(TRIM( REGEXREPLACE( REGEXREPLACE( SUBSTITUTE(SUBSTITUTE(SUBSTITUTE(SUBSTITUTE(SUBSTITUTE(SUBSTITUTE(SUBSTITUTE(SUBSTITUTE(SUBSTITUTE(SUBSTITUTE(SUBSTITUTE( B40,""√©"",""é""),""√°"",""á""),""√±"",""ñ""),""√≥"",""ó""),""√â"",""é"""&"),""√Å"",""á""),""√ç"",""í""),""√Ç"",""Í""),""√Â"",""é""),""√≠"",""í""),""√º"",""ú""), ""[,\\.√]"",""""), ""\\s+"","" "") )) "),"Cali") -> Cali | N40: =IFERROR(__xludf.DUMMYFUNCTION("SPLIT( TRIM( SUBSTITUTE( SUBSTITUTE( SUBSTITUTE( SUBSTITUTE( C40, ""√©"", ""é"" ), ""√±"", ""ñ"" ), ""√°"", ""á"" ), ""√≥"", ""ó"" ) ), ""-"" ) "),"Laptop") -> Laptop | O40: =IFERROR(__xludf.DUMMYFUNCTION("""COMPUTED_VALUE"""),"Gaming") -> Gaming | P40: =IFERROR(__xludf.DUMMYFUNCTION("""COMPUTED_VALUE"""),"4GB") -> 4GB | Q40: =IF(ISBLANK(D40),"0",D40) -> 2116.69 | R40: =IF(ISBLANK(E40),"Sin datos",E40) -> 2 | S40: =IF(ISBLANK(F40),"0",F40) -> 4233.38 | T40: =IFERROR(__xludf.DUMMYFUNCTION("PROPER(TRIM( LET( texto1, REGEXREPLACE(G40, ""(?i)\b(DR\.?|SRA?\.?|\(A\)|MTRO\.?|LIC\.?|ING\.?)\b"", """"), texto2, REGEXREPLACE(texto1, ""√©|√â|√Â"", ""é""), texto3, REGEXREPLACE(texto2, ""√°|√Å"", ""á""), texto4, REGEXREPLACE(texto3, "&"""√±"", ""ñ""), texto5, REGEXREPLACE(texto4, ""√≥"", ""ó""), texto6, REGEXREPLACE(texto5, ""√ç|√≠|√Ç"", ""í""), texto7, REGEXREPLACE(texto6, ""√º"", ""ú""), texto8, REGEXREPLACE(texto7, ""[^A-Za-zÁÉÍÓÚÜÑáéíóúüñ\s]"", """"), texto9, REG"&"EXREPLACE(texto8, ""^[A-Za-zÁÉÍÓÚÜÑáéíóúüñ]\s+"", """"), texto10, IF(REGEXMATCH(texto9, ""(?i)^\s*Jos\s*$""), ""José"", texto9), texto11, REGEXREPLACE(texto10, ""(?i)(eé|ée|ee|éé)+"", ""é""), texto12, REGEXREPLACE(texto11, ""(?i)(aá|áa|aa|áá)+"&""", ""á""), texto13, REGEXREPLACE(texto12, ""(?i)(ií|íi|ii|íí)+"", ""í""), texto14, REGEXREPLACE(texto13, ""(?i)(oó|óo|oo|óó)+"", ""ó""), texto15, REGEXREPLACE(texto14, ""(?i)(uú|úu|uu|úú)+"", ""ú""), texto16, REGEXREPLACE(texto15, ""\s{2,"&"}"", "" ""), texto16 ) )) "),"Uriel Montes Contreras") -> Uriel Montes Contreras | U40: =I40 -> ab896c73-e2a6-4dc5-922f-889ab750954e | V40: =CONCATENATE(N40," ",O40," ",P40) -> Laptop Gaming 4GB
A41: 45577 | B41: Guadalajara | C41: Auriculares-Bluetooth-4GB | D41: 1065.52 | E41: 2 | F41: 2131.04 | G41: Seraf√≠n Samuel Tamayo B√°ez | H41: bruno78@vega.org | I41: c196a64f-ac47-4c79-b416-d0807432cfa3 | K41: =IFERROR(__xludf.DUMMYFUNCTION("IF(ISBLANK(A41), """", IF(ISNUMBER(A41), TEXT(A41,""dd/mm/yyyy""), IF( REGEXMATCH(TRIM(A41),""^\d{1,2}/\d{1,2}/\d{4}$""), TRIM(A41), IFERROR( TEXT(DATEVALUE(SUBSTITUTE(SUBSTITUTE(TRIM(A41),""-"",""/""),""."",""/"")),"&"""dd/mm/yyyy""), TRIM(A41) ) ) ) ) "),"12/10/2024") -> 12/10/2024 | L41: 45577 | M41: =IFERROR(__xludf.DUMMYFUNCTION("PROPER(TRIM( REGEXREPLACE( REGEXREPLACE( SUBSTITUTE(SUBSTITUTE(SUBSTITUTE(SUBSTITUTE(SUBSTITUTE(SUBSTITUTE(SUBSTITUTE(SUBSTITUTE(SUBSTITUTE(SUBSTITUTE(SUBSTITUTE( B41,""√©"",""é""),""√°"",""á""),""√±"",""ñ""),""√≥"",""ó""),""√â"",""é"""&"),""√Å"",""á""),""√ç"",""í""),""√Ç"",""Í""),""√Â"",""é""),""√≠"",""í""),""√º"",""ú""), ""[,\\.√]"",""""), ""\\s+"","" "") )) "),"Guadalajara") -> Guadalajara | N41: =IFERROR(__xludf.DUMMYFUNCTION("SPLIT( TRIM( SUBSTITUTE( SUBSTITUTE( SUBSTITUTE( SUBSTITUTE( C41, ""√©"", ""é"" ), ""√±"", ""ñ"" ), ""√°"", ""á"" ), ""√≥"", ""ó"" ) ), ""-"" ) "),"Auriculares") -> Auriculares | O41: =IFERROR(__xludf.DUMMYFUNCTION("""COMPUTED_VALUE"""),"Bluetooth") -> Bluetooth | P41: =IFERROR(__xludf.DUMMYFUNCTION("""COMPUTED_VALUE"""),"4GB") -> 4GB | Q41: =IF(ISBLANK(D41),"0",D41) -> 1065.52 | R41: =IF(ISBLANK(E41),"Sin datos",E41) -> 2 | S41: =IF(ISBLANK(F41),"0",F41) -> 2131.04 | T41: =IFERROR(__xludf.DUMMYFUNCTION("PROPER(TRIM( LET( texto1, REGEXREPLACE(G41, ""(?i)\b(DR\.?|SRA?\.?|\(A\)|MTRO\.?|LIC\.?|ING\.?)\b"", """"), texto2, REGEXREPLACE(texto1, ""√©|√â|√Â"", ""é""), texto3, REGEXREPLACE(texto2, ""√°|√Å"", ""á""), texto4, REGEXREPLACE(texto3, "&"""√±"", ""ñ""), texto5, REGEXREPLACE(texto4, ""√≥"", ""ó""), texto6, REGEXREPLACE(texto5, ""√ç|√≠|√Ç"", ""í""), texto7, REGEXREPLACE(texto6, ""√º"", ""ú""), texto8, REGEXREPLACE(texto7, ""[^A-Za-zÁÉÍÓÚÜÑáéíóúüñ\s]"", """"), texto9, REG"&"EXREPLACE(texto8, ""^[A-Za-zÁÉÍÓÚÜÑáéíóúüñ]\s+"", """"), texto10, IF(REGEXMATCH(texto9, ""(?i)^\s*Jos\s*$""), ""José"", texto9), texto11, REGEXREPLACE(texto10, ""(?i)(eé|ée|ee|éé)+"", ""é""), texto12, REGEXREPLACE(texto11, ""(?i)(aá|áa|aa|áá)+"&""", ""á""), texto13, REGEXREPLACE(texto12, ""(?i)(ií|íi|ii|íí)+"", ""í""), texto14, REGEXREPLACE(texto13, ""(?i)(oó|óo|oo|óó)+"", ""ó""), texto15, REGEXREPLACE(texto14, ""(?i)(uú|úu|uu|úú)+"", ""ú""), texto16, REGEXREPLACE(texto15, ""\s{2,"&"}"", "" ""), texto16 ) )) "),"Serafín Samuel Tamayo Báez") -> Serafín Samuel Tamayo Báez | U41: =I41 -> c196a64f-ac47-4c79-b416-d0807432cfa3 | V41: =CONCATENATE(N41," ",O41," ",P41) -> Auriculares Bluetooth 4GB
A42: 45302 | B42: Bogotá | C42: Auriculares-Con cable-16GB | D42: 1919.71 | E42: 4 | F42: 7678.84 | G42: Lic. Jos√© Manu√©l Torres | H42: renatoorellana@gmail.com | I42: 5004d2bb-d9ba-4955-8ee4-bf09d5db221e | K42: =IFERROR(__xludf.DUMMYFUNCTION("IF(ISBLANK(A42), """", IF(ISNUMBER(A42), TEXT(A42,""dd/mm/yyyy""), IF( REGEXMATCH(TRIM(A42),""^\d{1,2}/\d{1,2}/\d{4}$""), TRIM(A42), IFERROR( TEXT(DATEVALUE(SUBSTITUTE(SUBSTITUTE(TRIM(A42),""-"",""/""),""."",""/"")),"&"""dd/mm/yyyy""), TRIM(A42) ) ) ) ) "),"11/01/2024") -> 11/01/2024 | L42: 45302 | M42: =IFERROR(__xludf.DUMMYFUNCTION("PROPER(TRIM( REGEXREPLACE( REGEXREPLACE( SUBSTITUTE(SUBSTITUTE(SUBSTITUTE(SUBSTITUTE(SUBSTITUTE(SUBSTITUTE(SUBSTITUTE(SUBSTITUTE(SUBSTITUTE(SUBSTITUTE(SUBSTITUTE( B42,""√©"",""é""),""√°"",""á""),""√±"",""ñ""),""√≥"",""ó""),""√â"",""é"""&"),""√Å"",""á""),""√ç"",""í""),""√Ç"",""Í""),""√Â"",""é""),""√≠"",""í""),""√º"",""ú""), ""[,\\.√]"",""""), ""\\s+"","" "") )) "),"Bogotá") -> Bogotá | N42: =IFERROR(__xludf.DUMMYFUNCTION("SPLIT( TRIM( SUBSTITUTE( SUBSTITUTE( SUBSTITUTE( SUBSTITUTE( C42, ""√©"", ""é"" ), ""√±"", ""ñ"" ), ""√°"", ""á"" ), ""√≥"", ""ó"" ) ), ""-"" ) "),"Auriculares") -> Auriculares | O42: =IFERROR(__xludf.DUMMYFUNCTION("""COMPUTED_VALUE"""),"Con cable") -> Con cable | P42: =IFERROR(__xludf.DUMMYFUNCTION("""COMPUTED_VALUE"""),"16GB") -> 16GB | Q42: =IF(ISBLANK(D42),"0",D42) -> 1919.71 | R42: =IF(ISBLANK(E42),"Sin datos",E42) -> 4 | S42: =IF(ISBLANK(F42),"0",F42) -> 7678.84 | T42: =IFERROR(__xludf.DUMMYFUNCTION("PROPER(TRIM( LET( texto1, REGEXREPLACE(G42, ""(?i)\b(DR\.?|SRA?\.?|\(A\)|MTRO\.?|LIC\.?|ING\.?)\b"", """"), texto2, REGEXREPLACE(texto1, ""√©|√â|√Â"", ""é""), texto3, REGEXREPLACE(texto2, ""√°|√Å"", ""á""), texto4, REGEXREPLACE(texto3, "&"""√±"", ""ñ""), texto5, REGEXREPLACE(texto4, ""√≥"", ""ó""), texto6, REGEXREPLACE(texto5, ""√ç|√≠|√Ç"", ""í""), texto7, REGEXREPLACE(texto6, ""√º"", ""ú""), texto8, REGEXREPLACE(texto7, ""[^A-Za-zÁÉÍÓÚÜÑáéíóúüñ\s]"", """"), texto9, REG"&"EXREPLACE(texto8, ""^[A-Za-zÁÉÍÓÚÜÑáéíóúüñ]\s+"", """"), texto10, IF(REGEXMATCH(texto9, ""(?i)^\s*Jos\s*$""), ""José"", texto9), texto11, REGEXREPLACE(texto10, ""(?i)(eé|ée|ee|éé)+"", ""é""), texto12, REGEXREPLACE(texto11, ""(?i)(aá|áa|aa|áá)+"&""", ""á""), texto13, REGEXREPLACE(texto12, ""(?i)(ií|íi|ii|íí)+"", ""í""), texto14, REGEXREPLACE(texto13, ""(?i)(oó|óo|oo|óó)+"", ""ó""), texto15, REGEXREPLACE(texto14, ""(?i)(uú|úu|uu|úú)+"", ""ú""), texto16, REGEXREPLACE(texto15, ""\s{2,"&"}"", "" ""), texto16 ) )) "),"José Manuél Torres") -> José Manuél Torres | U42: =I42 -> 5004d2bb-d9ba-4955-8ee4-bf09d5db221e | V42: =CONCATENATE(N42," ",O42," ",P42) -> Auriculares Con cable 16GB
A43: 45611 | B43: Medellín | C43: Tablet-Pro-8GB | D43: 450.01 | E43: 4 | F43: 1800.04 | G43: Daniel Carlota Arredondo Linares | H43: olveraalvaro@hotmail.com | I43: 50132920-f6aa-4e4d-8964-c48df8dcf12f | K43: =IFERROR(__xludf.DUMMYFUNCTION("IF(ISBLANK(A43), """", IF(ISNUMBER(A43), TEXT(A43,""dd/mm/yyyy""), IF( REGEXMATCH(TRIM(A43),""^\d{1,2}/\d{1,2}/\d{4}$""), TRIM(A43), IFERROR( TEXT(DATEVALUE(SUBSTITUTE(SUBSTITUTE(TRIM(A43),""-"",""/""),""."",""/"")),"&"""dd/mm/yyyy""), TRIM(A43) ) ) ) ) "),"15/11/2024") -> 15/11/2024 | L43: 45611 | M43: =IFERROR(__xludf.DUMMYFUNCTION("PROPER(TRIM( REGEXREPLACE( REGEXREPLACE( SUBSTITUTE(SUBSTITUTE(SUBSTITUTE(SUBSTITUTE(SUBSTITUTE(SUBSTITUTE(SUBSTITUTE(SUBSTITUTE(SUBSTITUTE(SUBSTITUTE(SUBSTITUTE( B43,""√©"",""é""),""√°"",""á""),""√±"",""ñ""),""√≥"",""ó""),""√â"",""é"""&"),""√Å"",""á""),""√ç"",""í""),""√Ç"",""Í""),""√Â"",""é""),""√≠"",""í""),""√º"",""ú""), ""[,\\.√]"",""""), ""\\s+"","" "") )) "),"Medellín") -> Medellín | N43: =IFERROR(__xludf.DUMMYFUNCTION("SPLIT( TRIM( SUBSTITUTE( SUBSTITUTE( SUBSTITUTE( SUBSTITUTE( C43, ""√©"", ""é"" ), ""√±"", ""ñ"" ), ""√°"", ""á"" ), ""√≥"", ""ó"" ) ), ""-"" ) "),"Tablet") -> Tablet | O43: =IFERROR(__xludf.DUMMYFUNCTION("""COMPUTED_VALUE"""),"Pro") -> Pro | P43: =IFERROR(__xludf.DUMMYFUNCTION("""COMPUTED_VALUE"""),"8GB") -> 8GB | Q43: =IF(ISBLANK(D43),"0",D43) -> 450.01 | R43: =IF(ISBLANK(E43),"Sin datos",E43) -> 4 | S43: =IF(ISBLANK(F43),"0",F43) -> 1800.04 | T43: =IFERROR(__xludf.DUMMYFUNCTION("PROPER(TRIM( LET( texto1, REGEXREPLACE(G43, ""(?i)\b(DR\.?|SRA?\.?|\(A\)|MTRO\.?|LIC\.?|ING\.?)\b"", """"), texto2, REGEXREPLACE(texto1, ""√©|√â|√Â"", ""é""), texto3, REGEXREPLACE(texto2, ""√°|√Å"", ""á""), texto4, REGEXREPLACE(texto3, "&"""√±"", ""ñ""), texto5, REGEXREPLACE(texto4, ""√≥"", ""ó""), texto6, REGEXREPLACE(texto5, ""√ç|√≠|√Ç"", ""í""), texto7, REGEXREPLACE(texto6, ""√º"", ""ú""), texto8, REGEXREPLACE(texto7, ""[^A-Za-zÁÉÍÓÚÜÑáéíóúüñ\s]"", """"), texto9, REG"&"EXREPLACE(texto8, ""^[A-Za-zÁÉÍÓÚÜÑáéíóúüñ]\s+"", """"), texto10, IF(REGEXMATCH(texto9, ""(?i)^\s*Jos\s*$""), ""José"", texto9), texto11, REGEXREPLACE(texto10, ""(?i)(eé|ée|ee|éé)+"", ""é""), texto12, REGEXREPLACE(texto11, ""(?i)(aá|áa|aa|áá)+"&""", ""á""), texto13, REGEXREPLACE(texto12, ""(?i)(ií|íi|ii|íí)+"", ""í""), texto14, REGEXREPLACE(texto13, ""(?i)(oó|óo|oo|óó)+"", ""ó""), texto15, REGEXREPLACE(texto14, ""(?i)(uú|úu|uu|úú)+"", ""ú""), texto16, REGEXREPLACE(texto15, ""\s{2,"&"}"", "" ""), texto16 ) )) "),"Daniel Carlota Arredondo Linares") -> Daniel Carlota Arredondo Linares | U43: =I43 -> 50132920-f6aa-4e4d-8964-c48df8dcf12f | V43: =CONCATENATE(N43," ",O43," ",P43) -> Tablet Pro 8GB
A44: 45629 | B44: Medellín | C44: Laptop-Gaming-32GB | D44: 2294.28 | E44: 1 | F44: 2294.28 | G44: Hilda Razo Lerma | H44: salvadorsuarez@gmail.com | I44: 5eb1511c-6bde-49b4-b1e9-39aeeca914bc | K44: =IFERROR(__xludf.DUMMYFUNCTION("IF(ISBLANK(A44), """", IF(ISNUMBER(A44), TEXT(A44,""dd/mm/yyyy""), IF( REGEXMATCH(TRIM(A44),""^\d{1,2}/\d{1,2}/\d{4}$""), TRIM(A44), IFERROR( TEXT(DATEVALUE(SUBSTITUTE(SUBSTITUTE(TRIM(A44),""-"",""/""),""."",""/"")),"&"""dd/mm/yyyy""), TRIM(A44) ) ) ) ) "),"03/12/2024") -> 03/12/2024 | L44: 45629 | M44: =IFERROR(__xludf.DUMMYFUNCTION("PROPER(TRIM( REGEXREPLACE( REGEXREPLACE( SUBSTITUTE(SUBSTITUTE(SUBSTITUTE(SUBSTITUTE(SUBSTITUTE(SUBSTITUTE(SUBSTITUTE(SUBSTITUTE(SUBSTITUTE(SUBSTITUTE(SUBSTITUTE( B44,""√©"",""é""),""√°"",""á""),""√±"",""ñ""),""√≥"",""ó""),""√â"",""é"""&"),""√Å"",""á""),""√ç"",""í""),""√Ç"",""Í""),""√Â"",""é""),""√≠"",""í""),""√º"",""ú""), ""[,\\.√]"",""""), ""\\s+"","" "") )) "),"Medellín") -> Medellín | N44: =IFERROR(__xludf.DUMMYFUNCTION("SPLIT( TRIM( SUBSTITUTE( SUBSTITUTE( SUBSTITUTE( SUBSTITUTE( C44, ""√©"", ""é"" ), ""√±"", ""ñ"" ), ""√°"", ""á"" ), ""√≥"", ""ó"" ) ), ""-"" ) "),"Laptop") -> Laptop | O44: =IFERROR(__xludf.DUMMYFUNCTION("""COMPUTED_VALUE"""),"Gaming") -> Gaming | P44: =IFERROR(__xludf.DUMMYFUNCTION("""COMPUTED_VALUE"""),"32GB") -> 32GB | Q44: =IF(ISBLANK(D44),"0",D44) -> 2294.28 | R44: =IF(ISBLANK(E44),"Sin datos",E44) -> 1 | S44: =IF(ISBLANK(F44),"0",F44) -> 2294.28 | T44: =IFERROR(__xludf.DUMMYFUNCTION("PROPER(TRIM( LET( texto1, REGEXREPLACE(G44, ""(?i)\b(DR\.?|SRA?\.?|\(A\)|MTRO\.?|LIC\.?|ING\.?)\b"", """"), texto2, REGEXREPLACE(texto1, ""√©|√â|√Â"", ""é""), texto3, REGEXREPLACE(texto2, ""√°|√Å"", ""á""), texto4, REGEXREPLACE(texto3, "&"""√±"", ""ñ""), texto5, REGEXREPLACE(texto4, ""√≥"", ""ó""), texto6, REGEXREPLACE(texto5, ""√ç|√≠|√Ç"", ""í""), texto7, REGEXREPLACE(texto6, ""√º"", ""ú""), texto8, REGEXREPLACE(texto7, ""[^A-Za-zÁÉÍÓÚÜÑáéíóúüñ\s]"", """"), texto9, REG"&"EXREPLACE(texto8, ""^[A-Za-zÁÉÍÓÚÜÑáéíóúüñ]\s+"", """"), texto10, IF(REGEXMATCH(texto9, ""(?i)^\s*Jos\s*$""), ""José"", texto9), texto11, REGEXREPLACE(texto10, ""(?i)(eé|ée|ee|éé)+"", ""é""), texto12, REGEXREPLACE(texto11, ""(?i)(aá|áa|aa|áá)+"&""", ""á""), texto13, REGEXREPLACE(texto12, ""(?i)(ií|íi|ii|íí)+"", ""í""), texto14, REGEXREPLACE(texto13, ""(?i)(oó|óo|oo|óó)+"", ""ó""), texto15, REGEXREPLACE(texto14, ""(?i)(uú|úu|uu|úú)+"", ""ú""), texto16, REGEXREPLACE(texto15, ""\s{2,"&"}"", "" ""), texto16 ) )) "),"Hilda Razo Lerma") -> Hilda Razo Lerma | U44: =I44 -> 5eb1511c-6bde-49b4-b1e9-39aeeca914bc | V44: =CONCATENATE(N44," ",O44," ",P44) -> Laptop Gaming 32GB
A45: 45631 | B45: Ciudad de M√©xico | C45: Tablet-Mini-4GB | D45: 496.1 | E45: 3 | F45: 1488.3 | G45: Mauricio Oquendo Bustos | H45: yalba@corporacin.com | I45: 36d91d20-825b-4909-9326-ca55a5ba261f | K45: =IFERROR(__xludf.DUMMYFUNCTION("IF(ISBLANK(A45), """", IF(ISNUMBER(A45), TEXT(A45,""dd/mm/yyyy""), IF( REGEXMATCH(TRIM(A45),""^\d{1,2}/\d{1,2}/\d{4}$""), TRIM(A45), IFERROR( TEXT(DATEVALUE(SUBSTITUTE(SUBSTITUTE(TRIM(A45),""-"",""/""),""."",""/"")),"&"""dd/mm/yyyy""), TRIM(A45) ) ) ) ) "),"05/12/2024") -> 05/12/2024 | L45: 45631 | M45: =IFERROR(__xludf.DUMMYFUNCTION("PROPER(TRIM( REGEXREPLACE( REGEXREPLACE( SUBSTITUTE(SUBSTITUTE(SUBSTITUTE(SUBSTITUTE(SUBSTITUTE(SUBSTITUTE(SUBSTITUTE(SUBSTITUTE(SUBSTITUTE(SUBSTITUTE(SUBSTITUTE( B45,""√©"",""é""),""√°"",""á""),""√±"",""ñ""),""√≥"",""ó""),""√â"",""é"""&"),""√Å"",""á""),""√ç"",""í""),""√Ç"",""Í""),""√Â"",""é""),""√≠"",""í""),""√º"",""ú""), ""[,\\.√]"",""""), ""\\s+"","" "") )) "),"Ciudad De México") -> Ciudad De México | N45: =IFERROR(__xludf.DUMMYFUNCTION("SPLIT( TRIM( SUBSTITUTE( SUBSTITUTE( SUBSTITUTE( SUBSTITUTE( C45, ""√©"", ""é"" ), ""√±"", ""ñ"" ), ""√°"", ""á"" ), ""√≥"", ""ó"" ) ), ""-"" ) "),"Tablet") -> Tablet | O45: =IFERROR(__xludf.DUMMYFUNCTION("""COMPUTED_VALUE"""),"Mini") -> Mini | P45: =IFERROR(__xludf.DUMMYFUNCTION("""COMPUTED_VALUE"""),"4GB") -> 4GB | Q45: =IF(ISBLANK(D45),"0",D45) -> 496.1 | R45: =IF(ISBLANK(E45),"Sin datos",E45) -> 3 | S45: =IF(ISBLANK(F45),"0",F45) -> 1488.3 | T45: =IFERROR(__xludf.DUMMYFUNCTION("PROPER(TRIM( LET( texto1, REGEXREPLACE(G45, ""(?i)\b(DR\.?|SRA?\.?|\(A\)|MTRO\.?|LIC\.?|ING\.?)\b"", """"), texto2, REGEXREPLACE(texto1, ""√©|√â|√Â"", ""é""), texto3, REGEXREPLACE(texto2, ""√°|√Å"", ""á""), texto4, REGEXREPLACE(texto3, "&"""√±"", ""ñ""), texto5, REGEXREPLACE(texto4, ""√≥"", ""ó""), texto6, REGEXREPLACE(texto5, ""√ç|√≠|√Ç"", ""í""), texto7, REGEXREPLACE(texto6, ""√º"", ""ú""), texto8, REGEXREPLACE(texto7, ""[^A-Za-zÁÉÍÓÚÜÑáéíóúüñ\s]"", """"), texto9, REG"&"EXREPLACE(texto8, ""^[A-Za-zÁÉÍÓÚÜÑáéíóúüñ]\s+"", """"), texto10, IF(REGEXMATCH(texto9, ""(?i)^\s*Jos\s*$""), ""José"", texto9), texto11, REGEXREPLACE(texto10, ""(?i)(eé|ée|ee|éé)+"", ""é""), texto12, REGEXREPLACE(texto11, ""(?i)(aá|áa|aa|áá)+"&""", ""á""), texto13, REGEXREPLACE(texto12, ""(?i)(ií|íi|ii|íí)+"", ""í""), texto14, REGEXREPLACE(texto13, ""(?i)(oó|óo|oo|óó)+"", ""ó""), texto15, REGEXREPLACE(texto14, ""(?i)(uú|úu|uu|úú)+"", ""ú""), texto16, REGEXREPLACE(texto15, ""\s{2,"&"}"", "" ""), texto16 ) )) "),"Mauricio Oquendo Bustos") -> Mauricio Oquendo Bustos | U45: =I45 -> 36d91d20-825b-4909-9326-ca55a5ba261f | V45: =CONCATENATE(N45," ",O45," ",P45) -> Tablet Mini 4GB
A46: 20/10/2024 | B46: Ciudad de M√©xico | C46: Tablet-Mini-16GB | D46: 1529.1 | E46: 1 | F46: 1529.1 | G46: Amalia Guillermina Ozuna Santana | H46: ramiroenriquez@borrego-cuellar.com | I46: 62a28aa3-fc75-41e7-abc8-fbb577726ebd | K46: =IFERROR(__xludf.DUMMYFUNCTION("IF(ISBLANK(A46), """", IF(ISNUMBER(A46), TEXT(A46,""dd/mm/yyyy""), IF( REGEXMATCH(TRIM(A46),""^\d{1,2}/\d{1,2}/\d{4}$""), TRIM(A46), IFERROR( TEXT(DATEVALUE(SUBSTITUTE(SUBSTITUTE(TRIM(A46),""-"",""/""),""."",""/"")),"&"""dd/mm/yyyy""), TRIM(A46) ) ) ) ) "),"20/10/2024") -> 20/10/2024 | L46: 45585 | M46: =IFERROR(__xludf.DUMMYFUNCTION("PROPER(TRIM( REGEXREPLACE( REGEXREPLACE( SUBSTITUTE(SUBSTITUTE(SUBSTITUTE(SUBSTITUTE(SUBSTITUTE(SUBSTITUTE(SUBSTITUTE(SUBSTITUTE(SUBSTITUTE(SUBSTITUTE(SUBSTITUTE( B46,""√©"",""é""),""√°"",""á""),""√±"",""ñ""),""√≥"",""ó""),""√â"",""é"""&"),""√Å"",""á""),""√ç"",""í""),""√Ç"",""Í""),""√Â"",""é""),""√≠"",""í""),""√º"",""ú""), ""[,\\.√]"",""""), ""\\s+"","" "") )) "),"Ciudad De México") -> Ciudad De México | N46: =IFERROR(__xludf.DUMMYFUNCTION("SPLIT( TRIM( SUBSTITUTE( SUBSTITUTE( SUBSTITUTE( SUBSTITUTE( C46, ""√©"", ""é"" ), ""√±"", ""ñ"" ), ""√°"", ""á"" ), ""√≥"", ""ó"" ) ), ""-"" ) "),"Tablet") -> Tablet | O46: =IFERROR(__xludf.DUMMYFUNCTION("""COMPUTED_VALUE"""),"Mini") -> Mini | P46: =IFERROR(__xludf.DUMMYFUNCTION("""COMPUTED_VALUE"""),"16GB") -> 16GB | Q46: =IF(ISBLANK(D46),"0",D46) -> 1529.1 | R46: =IF(ISBLANK(E46),"Sin datos",E46) -> 1 | S46: =IF(ISBLANK(F46),"0",F46) -> 1529.1 | T46: =IFERROR(__xludf.DUMMYFUNCTION("PROPER(TRIM( LET( texto1, REGEXREPLACE(G46, ""(?i)\b(DR\.?|SRA?\.?|\(A\)|MTRO\.?|LIC\.?|ING\.?)\b"", """"), texto2, REGEXREPLACE(texto1, ""√©|√â|√Â"", ""é""), texto3, REGEXREPLACE(texto2, ""√°|√Å"", ""á""), texto4, REGEXREPLACE(texto3, "&"""√±"", ""ñ""), texto5, REGEXREPLACE(texto4, ""√≥"", ""ó""), texto6, REGEXREPLACE(texto5, ""√ç|√≠|√Ç"", ""í""), texto7, REGEXREPLACE(texto6, ""√º"", ""ú""), texto8, REGEXREPLACE(texto7, ""[^A-Za-zÁÉÍÓÚÜÑáéíóúüñ\s]"", """"), texto9, REG"&"EXREPLACE(texto8, ""^[A-Za-zÁÉÍÓÚÜÑáéíóúüñ]\s+"", """"), texto10, IF(REGEXMATCH(texto9, ""(?i)^\s*Jos\s*$""), ""José"", texto9), texto11, REGEXREPLACE(texto10, ""(?i)(eé|ée|ee|éé)+"", ""é""), texto12, REGEXREPLACE(texto11, ""(?i)(aá|áa|aa|áá)+"&""", ""á""), texto13, REGEXREPLACE(texto12, ""(?i)(ií|íi|ii|íí)+"", ""í""), texto14, REGEXREPLACE(texto13, ""(?i)(oó|óo|oo|óó)+"", ""ó""), texto15, REGEXREPLACE(texto14, ""(?i)(uú|úu|uu|úú)+"", ""ú""), texto16, REGEXREPLACE(texto15, ""\s{2,"&"}"", "" ""), texto16 ) )) "),"Amalia Guillermina Ozuna Santana") -> Amalia Guillermina Ozuna Santana | U46: =I46 -> 62a28aa3-fc75-41e7-abc8-fbb577726ebd | V46: =CONCATENATE(N46," ",O46," ",P46) -> Tablet Mini 16GB
A47: 45626 | B47: Medellín | C47: Laptop-Oficina-16GB | D47: 2256.04 | E47: 5 | F47: 11280.2 | G47: Gabino Barrera Quiroz | H47: razoraul@yahoo.com | I47: 02858336-ce07-4437-8326-04e65dd55fe4 | K47: =IFERROR(__xludf.DUMMYFUNCTION("IF(ISBLANK(A47), """", IF(ISNUMBER(A47), TEXT(A47,""dd/mm/yyyy""), IF( REGEXMATCH(TRIM(A47),""^\d{1,2}/\d{1,2}/\d{4}$""), TRIM(A47), IFERROR( TEXT(DATEVALUE(SUBSTITUTE(SUBSTITUTE(TRIM(A47),""-"",""/""),""."",""/"")),"&"""dd/mm/yyyy""), TRIM(A47) ) ) ) ) "),"30/11/2024") -> 30/11/2024 | L47: 45626 | M47: =IFERROR(__xludf.DUMMYFUNCTION("PROPER(TRIM( REGEXREPLACE( REGEXREPLACE( SUBSTITUTE(SUBSTITUTE(SUBSTITUTE(SUBSTITUTE(SUBSTITUTE(SUBSTITUTE(SUBSTITUTE(SUBSTITUTE(SUBSTITUTE(SUBSTITUTE(SUBSTITUTE( B47,""√©"",""é""),""√°"",""á""),""√±"",""ñ""),""√≥"",""ó""),""√â"",""é"""&"),""√Å"",""á""),""√ç"",""í""),""√Ç"",""Í""),""√Â"",""é""),""√≠"",""í""),""√º"",""ú""), ""[,\\.√]"",""""), ""\\s+"","" "") )) "),"Medellín") -> Medellín | N47: =IFERROR(__xludf.DUMMYFUNCTION("SPLIT( TRIM( SUBSTITUTE( SUBSTITUTE( SUBSTITUTE( SUBSTITUTE( C47, ""√©"", ""é"" ), ""√±"", ""ñ"" ), ""√°"", ""á"" ), ""√≥"", ""ó"" ) ), ""-"" ) "),"Laptop") -> Laptop | O47: =IFERROR(__xludf.DUMMYFUNCTION("""COMPUTED_VALUE"""),"Oficina") -> Oficina | P47: =IFERROR(__xludf.DUMMYFUNCTION("""COMPUTED_VALUE"""),"16GB") -> 16GB | Q47: =IF(ISBLANK(D47),"0",D47) -> 2256.04 | R47: =IF(ISBLANK(E47),"Sin datos",E47) -> 5 | S47: =IF(ISBLANK(F47),"0",F47) -> 11280.2 | T47: =IFERROR(__xludf.DUMMYFUNCTION("PROPER(TRIM( LET( texto1, REGEXREPLACE(G47, ""(?i)\b(DR\.?|SRA?\.?|\(A\)|MTRO\.?|LIC\.?|ING\.?)\b"", """"), texto2, REGEXREPLACE(texto1, ""√©|√â|√Â"", ""é""), texto3, REGEXREPLACE(texto2, ""√°|√Å"", ""á""), texto4, REGEXREPLACE(texto3, "&"""√±"", ""ñ""), texto5, REGEXREPLACE(texto4, ""√≥"", ""ó""), texto6, REGEXREPLACE(texto5, ""√ç|√≠|√Ç"", ""í""), texto7, REGEXREPLACE(texto6, ""√º"", ""ú""), texto8, REGEXREPLACE(texto7, ""[^A-Za-zÁÉÍÓÚÜÑáéíóúüñ\s]"", """"), texto9, REG"&"EXREPLACE(texto8, ""^[A-Za-zÁÉÍÓÚÜÑáéíóúüñ]\s+"", """"), texto10, IF(REGEXMATCH(texto9, ""(?i)^\s*Jos\s*$""), ""José"", texto9), texto11, REGEXREPLACE(texto10, ""(?i)(eé|ée|ee|éé)+"", ""é""), texto12, REGEXREPLACE(texto11, ""(?i)(aá|áa|aa|áá)+"&""", ""á""), texto13, REGEXREPLACE(texto12, ""(?i)(ií|íi|ii|íí)+"", ""í""), texto14, REGEXREPLACE(texto13, ""(?i)(oó|óo|oo|óó)+"", ""ó""), texto15, REGEXREPLACE(texto14, ""(?i)(uú|úu|uu|úú)+"", ""ú""), texto16, REGEXREPLACE(texto15, ""\s{2,"&"}"", "" ""), texto16 ) )) "),"Gabino Barrera Quiroz") -> Gabino Barrera Quiroz | U47: =I47 -> 02858336-ce07-4437-8326-04e65dd55fe4 | V47: =CONCATENATE(N47," ",O47," ",P47) -> Laptop Oficina 16GB
A48: 45649 | B48: Guadalajara | C48: Tablet-Estándar-4GB | D48: 625.26 | E48: 5 | F48: 3126.3 | G48: Dr. Alonso Lucero | H48: villegasalejandra@gmail.com | I48: 46930688-ab22-4f38-922e-c8bdee972554 | K48: =IFERROR(__xludf.DUMMYFUNCTION("IF(ISBLANK(A48), """", IF(ISNUMBER(A48), TEXT(A48,""dd/mm/yyyy""), IF( REGEXMATCH(TRIM(A48),""^\d{1,2}/\d{1,2}/\d{4}$""), TRIM(A48), IFERROR( TEXT(DATEVALUE(SUBSTITUTE(SUBSTITUTE(TRIM(A48),""-"",""/""),""."",""/"")),"&"""dd/mm/yyyy""), TRIM(A48) ) ) ) ) "),"23/12/2024") -> 23/12/2024 | L48: 45649 | M48: =IFERROR(__xludf.DUMMYFUNCTION("PROPER(TRIM( REGEXREPLACE( REGEXREPLACE( SUBSTITUTE(SUBSTITUTE(SUBSTITUTE(SUBSTITUTE(SUBSTITUTE(SUBSTITUTE(SUBSTITUTE(SUBSTITUTE(SUBSTITUTE(SUBSTITUTE(SUBSTITUTE( B48,""√©"",""é""),""√°"",""á""),""√±"",""ñ""),""√≥"",""ó""),""√â"",""é"""&"),""√Å"",""á""),""√ç"",""í""),""√Ç"",""Í""),""√Â"",""é""),""√≠"",""í""),""√º"",""ú""), ""[,\\.√]"",""""), ""\\s+"","" "") )) "),"Guadalajara") -> Guadalajara | N48: =IFERROR(__xludf.DUMMYFUNCTION("SPLIT( TRIM( SUBSTITUTE( SUBSTITUTE( SUBSTITUTE( SUBSTITUTE( C48, ""√©"", ""é"" ), ""√±"", ""ñ"" ), ""√°"", ""á"" ), ""√≥"", ""ó"" ) ), ""-"" ) "),"Tablet") -> Tablet | O48: =IFERROR(__xludf.DUMMYFUNCTION("""COMPUTED_VALUE"""),"Estándar") -> Estándar | P48: =IFERROR(__xludf.DUMMYFUNCTION("""COMPUTED_VALUE"""),"4GB") -> 4GB | Q48: =IF(ISBLANK(D48),"0",D48) -> 625.26 | R48: =IF(ISBLANK(E48),"Sin datos",E48) -> 5 | S48: =IF(ISBLANK(F48),"0",F48) -> 3126.3 | T48: =IFERROR(__xludf.DUMMYFUNCTION("PROPER(TRIM( LET( texto1, REGEXREPLACE(G48, ""(?i)\b(DR\.?|SRA?\.?|\(A\)|MTRO\.?|LIC\.?|ING\.?)\b"", """"), texto2, REGEXREPLACE(texto1, ""√©|√â|√Â"", ""é""), texto3, REGEXREPLACE(texto2, ""√°|√Å"", ""á""), texto4, REGEXREPLACE(texto3, "&"""√±"", ""ñ""), texto5, REGEXREPLACE(texto4, ""√≥"", ""ó""), texto6, REGEXREPLACE(texto5, ""√ç|√≠|√Ç"", ""í""), texto7, REGEXREPLACE(texto6, ""√º"", ""ú""), texto8, REGEXREPLACE(texto7, ""[^A-Za-zÁÉÍÓÚÜÑáéíóúüñ\s]"", """"), texto9, REG"&"EXREPLACE(texto8, ""^[A-Za-zÁÉÍÓÚÜÑáéíóúüñ]\s+"", """"), texto10, IF(REGEXMATCH(texto9, ""(?i)^\s*Jos\s*$""), ""José"", texto9), texto11, REGEXREPLACE(texto10, ""(?i)(eé|ée|ee|éé)+"", ""é""), texto12, REGEXREPLACE(texto11, ""(?i)(aá|áa|aa|áá)+"&""", ""á""), texto13, REGEXREPLACE(texto12, ""(?i)(ií|íi|ii|íí)+"", ""í""), texto14, REGEXREPLACE(texto13, ""(?i)(oó|óo|oo|óó)+"", ""ó""), texto15, REGEXREPLACE(texto14, ""(?i)(uú|úu|uu|úú)+"", ""ú""), texto16, REGEXREPLACE(texto15, ""\s{2,"&"}"", "" ""), texto16 ) )) "),"Alonso Lucero") -> Alonso Lucero | U48: =I48 -> 46930688-ab22-4f38-922e-c8bdee972554 | V48: =CONCATENATE(N48," ",O48," ",P48) -> Tablet Estándar 4GB
A49: 45607 | B49: Cali | C49: Laptop-Ultraliviana-16GB | D49: 1933.07 | E49: 3 | F49: 5799.21 | G49: Zeferino Clara Ure√±a Ramos | H49: anaranjo@despacho.com | I49: 00f3b5c0-94a8-46ed-a8a8-4d11bde44da7 | K49: =IFERROR(__xludf.DUMMYFUNCTION("IF(ISBLANK(A49), """", IF(ISNUMBER(A49), TEXT(A49,""dd/mm/yyyy""), IF( REGEXMATCH(TRIM(A49),""^\d{1,2}/\d{1,2}/\d{4}$""), TRIM(A49), IFERROR( TEXT(DATEVALUE(SUBSTITUTE(SUBSTITUTE(TRIM(A49),""-"",""/""),""."",""/"")),"&"""dd/mm/yyyy""), TRIM(A49) ) ) ) ) "),"11/11/2024") -> 11/11/2024 | L49: 45607 | M49: =IFERROR(__xludf.DUMMYFUNCTION("PROPER(TRIM( REGEXREPLACE( REGEXREPLACE( SUBSTITUTE(SUBSTITUTE(SUBSTITUTE(SUBSTITUTE(SUBSTITUTE(SUBSTITUTE(SUBSTITUTE(SUBSTITUTE(SUBSTITUTE(SUBSTITUTE(SUBSTITUTE( B49,""√©"",""é""),""√°"",""á""),""√±"",""ñ""),""√≥"",""ó""),""√â"",""é"""&"),""√Å"",""á""),""√ç"",""í""),""√Ç"",""Í""),""√Â"",""é""),""√≠"",""í""),""√º"",""ú""), ""[,\\.√]"",""""), ""\\s+"","" "") )) "),"Cali") -> Cali | N49: =IFERROR(__xludf.DUMMYFUNCTION("SPLIT( TRIM( SUBSTITUTE( SUBSTITUTE( SUBSTITUTE( SUBSTITUTE( C49, ""√©"", ""é"" ), ""√±"", ""ñ"" ), ""√°"", ""á"" ), ""√≥"", ""ó"" ) ), ""-"" ) "),"Laptop") -> Laptop | O49: =IFERROR(__xludf.DUMMYFUNCTION("""COMPUTED_VALUE"""),"Ultraliviana") -> Ultraliviana | P49: =IFERROR(__xludf.DUMMYFUNCTION("""COMPUTED_VALUE"""),"16GB") -> 16GB | Q49: =IF(ISBLANK(D49),"0",D49) -> 1933.07 | R49: =IF(ISBLANK(E49),"Sin datos",E49) -> 3 | S49: =IF(ISBLANK(F49),"0",F49) -> 5799.21 | T49: =IFERROR(__xludf.DUMMYFUNCTION("PROPER(TRIM( LET( texto1, REGEXREPLACE(G49, ""(?i)\b(DR\.?|SRA?\.?|\(A\)|MTRO\.?|LIC\.?|ING\.?)\b"", """"), texto2, REGEXREPLACE(texto1, ""√©|√â|√Â"", ""é""), texto3, REGEXREPLACE(texto2, ""√°|√Å"", ""á""), texto4, REGEXREPLACE(texto3, "&"""√±"", ""ñ""), texto5, REGEXREPLACE(texto4, ""√≥"", ""ó""), texto6, REGEXREPLACE(texto5, ""√ç|√≠|√Ç"", ""í""), texto7, REGEXREPLACE(texto6, ""√º"", ""ú""), texto8, REGEXREPLACE(texto7, ""[^A-Za-zÁÉÍÓÚÜÑáéíóúüñ\s]"", """"), texto9, REG"&"EXREPLACE(texto8, ""^[A-Za-zÁÉÍÓÚÜÑáéíóúüñ]\s+"", """"), texto10, IF(REGEXMATCH(texto9, ""(?i)^\s*Jos\s*$""), ""José"", texto9), texto11, REGEXREPLACE(texto10, ""(?i)(eé|ée|ee|éé)+"", ""é""), texto12, REGEXREPLACE(texto11, ""(?i)(aá|áa|aa|áá)+"&""", ""á""), texto13, REGEXREPLACE(texto12, ""(?i)(ií|íi|ii|íí)+"", ""í""), texto14, REGEXREPLACE(texto13, ""(?i)(oó|óo|oo|óó)+"", ""ó""), texto15, REGEXREPLACE(texto14, ""(?i)(uú|úu|uu|úú)+"", ""ú""), texto16, REGEXREPLACE(texto15, ""\s{2,"&"}"", "" ""), texto16 ) )) "),"Zeferino Clara Ureña Ramos") -> Zeferino Clara Ureña Ramos | U49: =I49 -> 00f3b5c0-94a8-46ed-a8a8-4d11bde44da7 | V49: =CONCATENATE(N49," ",O49," ",P49) -> Laptop Ultraliviana 16GB
A50: 45597 | B50: Cali. | C50: Teléfono-Gama baja-32GB | D50: 434.9 | E50: 1 | F50: 434.9 | G50: Mtro. Magdalena Morales | H50: catalina33@yahoo.com | I50: 9d83faf6-b95d-4623-85a1-78d8b416dd3f | K50: =IFERROR(__xludf.DUMMYFUNCTION("IF(ISBLANK(A50), """", IF(ISNUMBER(A50), TEXT(A50,""dd/mm/yyyy""), IF( REGEXMATCH(TRIM(A50),""^\d{1,2}/\d{1,2}/\d{4}$""), TRIM(A50), IFERROR( TEXT(DATEVALUE(SUBSTITUTE(SUBSTITUTE(TRIM(A50),""-"",""/""),""."",""/"")),"&"""dd/mm/yyyy""), TRIM(A50) ) ) ) ) "),"01/11/2024") -> 01/11/2024 | L50: 45597 | M50: =IFERROR(__xludf.DUMMYFUNCTION("PROPER(TRIM( REGEXREPLACE( REGEXREPLACE( SUBSTITUTE(SUBSTITUTE(SUBSTITUTE(SUBSTITUTE(SUBSTITUTE(SUBSTITUTE(SUBSTITUTE(SUBSTITUTE(SUBSTITUTE(SUBSTITUTE(SUBSTITUTE( B50,""√©"",""é""),""√°"",""á""),""√±"",""ñ""),""√≥"",""ó""),""√â"",""é"""&"),""√Å"",""á""),""√ç"",""í""),""√Ç"",""Í""),""√Â"",""é""),""√≠"",""í""),""√º"",""ú""), ""[,\\.√]"",""""), ""\\s+"","" "") )) "),"Cali") -> Cali | N50: =IFERROR(__xludf.DUMMYFUNCTION("SPLIT( TRIM( SUBSTITUTE( SUBSTITUTE( SUBSTITUTE( SUBSTITUTE( C50, ""√©"", ""é"" ), ""√±"", ""ñ"" ), ""√°"", ""á"" ), ""√≥"", ""ó"" ) ), ""-"" ) "),"Teléfono") -> Teléfono | O50: =IFERROR(__xludf.DUMMYFUNCTION("""COMPUTED_VALUE"""),"Gama baja") -> Gama baja | P50: =IFERROR(__xludf.DUMMYFUNCTION("""COMPUTED_VALUE"""),"32GB") -> 32GB | Q50: =IF(ISBLANK(D50),"0",D50) -> 434.9 | R50: =IF(ISBLANK(E50),"Sin datos",E50) -> 1 | S50: =IF(ISBLANK(F50),"0",F50) -> 434.9 | T50: =IFERROR(__xludf.DUMMYFUNCTION("PROPER(TRIM( LET( texto1, REGEXREPLACE(G50, ""(?i)\b(DR\.?|SRA?\.?|\(A\)|MTRO\.?|LIC\.?|ING\.?)\b"", """"), texto2, REGEXREPLACE(texto1, ""√©|√â|√Â"", ""é""), texto3, REGEXREPLACE(texto2, ""√°|√Å"", ""á""), texto4, REGEXREPLACE(texto3, "&"""√±"", ""ñ""), texto5, REGEXREPLACE(texto4, ""√≥"", ""ó""), texto6, REGEXREPLACE(texto5, ""√ç|√≠|√Ç"", ""í""), texto7, REGEXREPLACE(texto6, ""√º"", ""ú""), texto8, REGEXREPLACE(texto7, ""[^A-Za-zÁÉÍÓÚÜÑáéíóúüñ\s]"", """"), texto9, REG"&"EXREPLACE(texto8, ""^[A-Za-zÁÉÍÓÚÜÑáéíóúüñ]\s+"", """"), texto10, IF(REGEXMATCH(texto9, ""(?i)^\s*Jos\s*$""), ""José"", texto9), texto11, REGEXREPLACE(texto10, ""(?i)(eé|ée|ee|éé)+"", ""é""), texto12, REGEXREPLACE(texto11, ""(?i)(aá|áa|aa|áá)+"&""", ""á""), texto13, REGEXREPLACE(texto12, ""(?i)(ií|íi|ii|íí)+"", ""í""), texto14, REGEXREPLACE(texto13, ""(?i)(oó|óo|oo|óó)+"", ""ó""), texto15, REGEXREPLACE(texto14, ""(?i)(uú|úu|uu|úú)+"", ""ú""), texto16, REGEXREPLACE(texto15, ""\s{2,"&"}"", "" ""), texto16 ) )) "),"Magdalena Morales") -> Magdalena Morales | U50: =I50 -> 9d83faf6-b95d-4623-85a1-78d8b416dd3f | V50: =CONCATENATE(N50," ",O50," ",P50) -> Teléfono Gama baja 32GB
A51: 45596 | B51: Tulum | C51: Laptop-Oficina-32GB | D51: 1889.28 | E51: 4 | F51: 7557.12 | G51: Mar√≠a Cristina Raquel Carranza Orosco | H51: ernesto07@gmail.com | I51: 3217ab5c-f143-443a-aece-3a47846a3ff2 | K51: =IFERROR(__xludf.DUMMYFUNCTION("IF(ISBLANK(A51), """", IF(ISNUMBER(A51), TEXT(A51,""dd/mm/yyyy""), IF( REGEXMATCH(TRIM(A51),""^\d{1,2}/\d{1,2}/\d{4}$""), TRIM(A51), IFERROR( TEXT(DATEVALUE(SUBSTITUTE(SUBSTITUTE(TRIM(A51),""-"",""/""),""."",""/"")),"&"""dd/mm/yyyy""), TRIM(A51) ) ) ) ) "),"31/10/2024") -> 31/10/2024 | L51: 45596 | M51: =IFERROR(__xludf.DUMMYFUNCTION("PROPER(TRIM( REGEXREPLACE( REGEXREPLACE( SUBSTITUTE(SUBSTITUTE(SUBSTITUTE(SUBSTITUTE(SUBSTITUTE(SUBSTITUTE(SUBSTITUTE(SUBSTITUTE(SUBSTITUTE(SUBSTITUTE(SUBSTITUTE( B51,""√©"",""é""),""√°"",""á""),""√±"",""ñ""),""√≥"",""ó""),""√â"",""é"""&"),""√Å"",""á""),""√ç"",""í""),""√Ç"",""Í""),""√Â"",""é""),""√≠"",""í""),""√º"",""ú""), ""[,\\.√]"",""""), ""\\s+"","" "") )) "),"Tulum") -> Tulum | N51: =IFERROR(__xludf.DUMMYFUNCTION("SPLIT( TRIM( SUBSTITUTE( SUBSTITUTE( SUBSTITUTE( SUBSTITUTE( C51, ""√©"", ""é"" ), ""√±"", ""ñ"" ), ""√°"", ""á"" ), ""√≥"", ""ó"" ) ), ""-"" ) "),"Laptop") -> Laptop | O51: =IFERROR(__xludf.DUMMYFUNCTION("""COMPUTED_VALUE"""),"Oficina") -> Oficina | P51: =IFERROR(__xludf.DUMMYFUNCTION("""COMPUTED_VALUE"""),"32GB") -> 32GB | Q51: =IF(ISBLANK(D51),"0",D51) -> 1889.28 | R51: =IF(ISBLANK(E51),"Sin datos",E51) -> 4 | S51: =IF(ISBLANK(F51),"0",F51) -> 7557.12 | T51: =IFERROR(__xludf.DUMMYFUNCTION("PROPER(TRIM( LET( texto1, REGEXREPLACE(G51, ""(?i)\b(DR\.?|SRA?\.?|\(A\)|MTRO\.?|LIC\.?|ING\.?)\b"", """"), texto2, REGEXREPLACE(texto1, ""√©|√â|√Â"", ""é""), texto3, REGEXREPLACE(texto2, ""√°|√Å"", ""á""), texto4, REGEXREPLACE(texto3, "&"""√±"", ""ñ""), texto5, REGEXREPLACE(texto4, ""√≥"", ""ó""), texto6, REGEXREPLACE(texto5, ""√ç|√≠|√Ç"", ""í""), texto7, REGEXREPLACE(texto6, ""√º"", ""ú""), texto8, REGEXREPLACE(texto7, ""[^A-Za-zÁÉÍÓÚÜÑáéíóúüñ\s]"", """"), texto9, REG"&"EXREPLACE(texto8, ""^[A-Za-zÁÉÍÓÚÜÑáéíóúüñ]\s+"", """"), texto10, IF(REGEXMATCH(texto9, ""(?i)^\s*Jos\s*$""), ""José"", texto9), texto11, REGEXREPLACE(texto10, ""(?i)(eé|ée|ee|éé)+"", ""é""), texto12, REGEXREPLACE(texto11, ""(?i)(aá|áa|aa|áá)+"&""", ""á""), texto13, REGEXREPLACE(texto12, ""(?i)(ií|íi|ii|íí)+"", ""í""), texto14, REGEXREPLACE(texto13, ""(?i)(oó|óo|oo|óó)+"", ""ó""), texto15, REGEXREPLACE(texto14, ""(?i)(uú|úu|uu|úú)+"", ""ú""), texto16, REGEXREPLACE(texto15, ""\s{2,"&"}"", "" ""), texto16 ) )) "),"María Cristina Raquel Carranza Orosco") -> María Cristina Raquel Carranza Orosco | U51: =I51 -> 3217ab5c-f143-443a-aece-3a47846a3ff2 | V51: =CONCATENATE(N51," ",O51," ",P51) -> Laptop Oficina 32GB
A52: 45636 | B52: Monterrey | C52: Laptop-Oficina-32GB | D52: 1708.81 | E52: 1 | F52: 1708.81 | G52: Jorge Luis Baca | H52: egalindo@gmail.com | I52: 2f12cb9e-2010-490d-9bfa-31410ba27433 | K52: =IFERROR(__xludf.DUMMYFUNCTION("IF(ISBLANK(A52), """", IF(ISNUMBER(A52), TEXT(A52,""dd/mm/yyyy""), IF( REGEXMATCH(TRIM(A52),""^\d{1,2}/\d{1,2}/\d{4}$""), TRIM(A52), IFERROR( TEXT(DATEVALUE(SUBSTITUTE(SUBSTITUTE(TRIM(A52),""-"",""/""),""."",""/"")),"&"""dd/mm/yyyy""), TRIM(A52) ) ) ) ) "),"10/12/2024") -> 10/12/2024 | L52: 45636 | M52: =IFERROR(__xludf.DUMMYFUNCTION("PROPER(TRIM( REGEXREPLACE( REGEXREPLACE( SUBSTITUTE(SUBSTITUTE(SUBSTITUTE(SUBSTITUTE(SUBSTITUTE(SUBSTITUTE(SUBSTITUTE(SUBSTITUTE(SUBSTITUTE(SUBSTITUTE(SUBSTITUTE( B52,""√©"",""é""),""√°"",""á""),""√±"",""ñ""),""√≥"",""ó""),""√â"",""é"""&"),""√Å"",""á""),""√ç"",""í""),""√Ç"",""Í""),""√Â"",""é""),""√≠"",""í""),""√º"",""ú""), ""[,\\.√]"",""""), ""\\s+"","" "") )) "),"Monterrey") -> Monterrey | N52: =IFERROR(__xludf.DUMMYFUNCTION("SPLIT( TRIM( SUBSTITUTE( SUBSTITUTE( SUBSTITUTE( SUBSTITUTE( C52, ""√©"", ""é"" ), ""√±"", ""ñ"" ), ""√°"", ""á"" ), ""√≥"", ""ó"" ) ), ""-"" ) "),"Laptop") -> Laptop | O52: =IFERROR(__xludf.DUMMYFUNCTION("""COMPUTED_VALUE"""),"Oficina") -> Oficina | P52: =IFERROR(__xludf.DUMMYFUNCTION("""COMPUTED_VALUE"""),"32GB") -> 32GB | Q52: =IF(ISBLANK(D52),"0",D52) -> 1708.81 | R52: =IF(ISBLANK(E52),"Sin datos",E52) -> 1 | S52: =IF(ISBLANK(F52),"0",F52) -> 1708.81 | T52: =IFERROR(__xludf.DUMMYFUNCTION("PROPER(TRIM( LET( texto1, REGEXREPLACE(G52, ""(?i)\b(DR\.?|SRA?\.?|\(A\)|MTRO\.?|LIC\.?|ING\.?)\b"", """"), texto2, REGEXREPLACE(texto1, ""√©|√â|√Â"", ""é""), texto3, REGEXREPLACE(texto2, ""√°|√Å"", ""á""), texto4, REGEXREPLACE(texto3, "&"""√±"", ""ñ""), texto5, REGEXREPLACE(texto4, ""√≥"", ""ó""), texto6, REGEXREPLACE(texto5, ""√ç|√≠|√Ç"", ""í""), texto7, REGEXREPLACE(texto6, ""√º"", ""ú""), texto8, REGEXREPLACE(texto7, ""[^A-Za-zÁÉÍÓÚÜÑáéíóúüñ\s]"", """"), texto9, REG"&"EXREPLACE(texto8, ""^[A-Za-zÁÉÍÓÚÜÑáéíóúüñ]\s+"", """"), texto10, IF(REGEXMATCH(texto9, ""(?i)^\s*Jos\s*$""), ""José"", texto9), texto11, REGEXREPLACE(texto10, ""(?i)(eé|ée|ee|éé)+"", ""é""), texto12, REGEXREPLACE(texto11, ""(?i)(aá|áa|aa|áá)+"&""", ""á""), texto13, REGEXREPLACE(texto12, ""(?i)(ií|íi|ii|íí)+"", ""í""), texto14, REGEXREPLACE(texto13, ""(?i)(oó|óo|oo|óó)+"", ""ó""), texto15, REGEXREPLACE(texto14, ""(?i)(uú|úu|uu|úú)+"", ""ú""), texto16, REGEXREPLACE(texto15, ""\s{2,"&"}"", "" ""), texto16 ) )) "),"Jorge Luis Baca") -> Jorge Luis Baca | U52: =I52 -> 2f12cb9e-2010-490d-9bfa-31410ba27433 | V52: =CONCATENATE(N52," ",O52," ",P52) -> Laptop Oficina 32GB
A53: 45587 | B53: Ciudad de M√©xico | C53: Laptop-Oficina-8GB | D53: 1524.07 | E53: 1 | F53: 1524.07 | G53: Abelardo H√©ctor Brito Solorzano | H53: eugenia47@de.com | I53: ac86de05-18a9-4269-876c-d1c20900fd8f | K53: =IFERROR(__xludf.DUMMYFUNCTION("IF(ISBLANK(A53), """", IF(ISNUMBER(A53), TEXT(A53,""dd/mm/yyyy""), IF( REGEXMATCH(TRIM(A53),""^\d{1,2}/\d{1,2}/\d{4}$""), TRIM(A53), IFERROR( TEXT(DATEVALUE(SUBSTITUTE(SUBSTITUTE(TRIM(A53),""-"",""/""),""."",""/"")),"&"""dd/mm/yyyy""), TRIM(A53) ) ) ) ) "),"22/10/2024") -> 22/10/2024 | L53: 45587 | M53: =IFERROR(__xludf.DUMMYFUNCTION("PROPER(TRIM( REGEXREPLACE( REGEXREPLACE( SUBSTITUTE(SUBSTITUTE(SUBSTITUTE(SUBSTITUTE(SUBSTITUTE(SUBSTITUTE(SUBSTITUTE(SUBSTITUTE(SUBSTITUTE(SUBSTITUTE(SUBSTITUTE( B53,""√©"",""é""),""√°"",""á""),""√±"",""ñ""),""√≥"",""ó""),""√â"",""é"""&"),""√Å"",""á""),""√ç"",""í""),""√Ç"",""Í""),""√Â"",""é""),""√≠"",""í""),""√º"",""ú""), ""[,\\.√]"",""""), ""\\s+"","" "") )) "),"Ciudad De México") -> Ciudad De México | N53: =IFERROR(__xludf.DUMMYFUNCTION("SPLIT( TRIM( SUBSTITUTE( SUBSTITUTE( SUBSTITUTE( SUBSTITUTE( C53, ""√©"", ""é"" ), ""√±"", ""ñ"" ), ""√°"", ""á"" ), ""√≥"", ""ó"" ) ), ""-"" ) "),"Laptop") -> Laptop | O53: =IFERROR(__xludf.DUMMYFUNCTION("""COMPUTED_VALUE"""),"Oficina") -> Oficina | P53: =IFERROR(__xludf.DUMMYFUNCTION("""COMPUTED_VALUE"""),"8GB") -> 8GB | Q53: =IF(ISBLANK(D53),"0",D53) -> 1524.07 | R53: =IF(ISBLANK(E53),"Sin datos",E53) -> 1 | S53: =IF(ISBLANK(F53),"0",F53) -> 1524.07 | T53: =IFERROR(__xludf.DUMMYFUNCTION("PROPER(TRIM( LET( texto1, REGEXREPLACE(G53, ""(?i)\b(DR\.?|SRA?\.?|\(A\)|MTRO\.?|LIC\.?|ING\.?)\b"", """"), texto2, REGEXREPLACE(texto1, ""√©|√â|√Â"", ""é""), texto3, REGEXREPLACE(texto2, ""√°|√Å"", ""á""), texto4, REGEXREPLACE(texto3, "&"""√±"", ""ñ""), texto5, REGEXREPLACE(texto4, ""√≥"", ""ó""), texto6, REGEXREPLACE(texto5, ""√ç|√≠|√Ç"", ""í""), texto7, REGEXREPLACE(texto6, ""√º"", ""ú""), texto8, REGEXREPLACE(texto7, ""[^A-Za-zÁÉÍÓÚÜÑáéíóúüñ\s]"", """"), texto9, REG"&"EXREPLACE(texto8, ""^[A-Za-zÁÉÍÓÚÜÑáéíóúüñ]\s+"", """"), texto10, IF(REGEXMATCH(texto9, ""(?i)^\s*Jos\s*$""), ""José"", texto9), texto11, REGEXREPLACE(texto10, ""(?i)(eé|ée|ee|éé)+"", ""é""), texto12, REGEXREPLACE(texto11, ""(?i)(aá|áa|aa|áá)+"&""", ""á""), texto13, REGEXREPLACE(texto12, ""(?i)(ií|íi|ii|íí)+"", ""í""), texto14, REGEXREPLACE(texto13, ""(?i)(oó|óo|oo|óó)+"", ""ó""), texto15, REGEXREPLACE(texto14, ""(?i)(uú|úu|uu|úú)+"", ""ú""), texto16, REGEXREPLACE(texto15, ""\s{2,"&"}"", "" ""), texto16 ) )) "),"Abelardo Héctor Brito Solorzano") -> Abelardo Héctor Brito Solorzano | U53: =I53 -> ac86de05-18a9-4269-876c-d1c20900fd8f | V53: =CONCATENATE(N53," ",O53," ",P53) -> Laptop Oficina 8GB
A54: 45654 | B54: Monterrey | C54: Laptop-Ultraliviana-4GB | D54: 372.92 | E54: 3 | F54: 1118.76 | G54: Pilar Luisa Bonilla Garrido | H54: silviapabon@corporacin.com | I54: 403acb42-0f8a-41c6-b42a-d1adc4b62bfb | K54: =IFERROR(__xludf.DUMMYFUNCTION("IF(ISBLANK(A54), """", IF(ISNUMBER(A54), TEXT(A54,""dd/mm/yyyy""), IF( REGEXMATCH(TRIM(A54),""^\d{1,2}/\d{1,2}/\d{4}$""), TRIM(A54), IFERROR( TEXT(DATEVALUE(SUBSTITUTE(SUBSTITUTE(TRIM(A54),""-"",""/""),""."",""/"")),"&"""dd/mm/yyyy""), TRIM(A54) ) ) ) ) "),"28/12/2024") -> 28/12/2024 | L54: 45654 | M54: =IFERROR(__xludf.DUMMYFUNCTION("PROPER(TRIM( REGEXREPLACE( REGEXREPLACE( SUBSTITUTE(SUBSTITUTE(SUBSTITUTE(SUBSTITUTE(SUBSTITUTE(SUBSTITUTE(SUBSTITUTE(SUBSTITUTE(SUBSTITUTE(SUBSTITUTE(SUBSTITUTE( B54,""√©"",""é""),""√°"",""á""),""√±"",""ñ""),""√≥"",""ó""),""√â"",""é"""&"),""√Å"",""á""),""√ç"",""í""),""√Ç"",""Í""),""√Â"",""é""),""√≠"",""í""),""√º"",""ú""), ""[,\\.√]"",""""), ""\\s+"","" "") )) "),"Monterrey") -> Monterrey | N54: =IFERROR(__xludf.DUMMYFUNCTION("SPLIT( TRIM( SUBSTITUTE( SUBSTITUTE( SUBSTITUTE( SUBSTITUTE( C54, ""√©"", ""é"" ), ""√±"", ""ñ"" ), ""√°"", ""á"" ), ""√≥"", ""ó"" ) ), ""-"" ) "),"Laptop") -> Laptop | O54: =IFERROR(__xludf.DUMMYFUNCTION("""COMPUTED_VALUE"""),"Ultraliviana") -> Ultraliviana | P54: =IFERROR(__xludf.DUMMYFUNCTION("""COMPUTED_VALUE"""),"4GB") -> 4GB | Q54: =IF(ISBLANK(D54),"0",D54) -> 372.92 | R54: =IF(ISBLANK(E54),"Sin datos",E54) -> 3 | S54: =IF(ISBLANK(F54),"0",F54) -> 1118.76 | T54: =IFERROR(__xludf.DUMMYFUNCTION("PROPER(TRIM( LET( texto1, REGEXREPLACE(G54, ""(?i)\b(DR\.?|SRA?\.?|\(A\)|MTRO\.?|LIC\.?|ING\.?)\b"", """"), texto2, REGEXREPLACE(texto1, ""√©|√â|√Â"", ""é""), texto3, REGEXREPLACE(texto2, ""√°|√Å"", ""á""), texto4, REGEXREPLACE(texto3, "&"""√±"", ""ñ""), texto5, REGEXREPLACE(texto4, ""√≥"", ""ó""), texto6, REGEXREPLACE(texto5, ""√ç|√≠|√Ç"", ""í""), texto7, REGEXREPLACE(texto6, ""√º"", ""ú""), texto8, REGEXREPLACE(texto7, ""[^A-Za-zÁÉÍÓÚÜÑáéíóúüñ\s]"", """"), texto9, REG"&"EXREPLACE(texto8, ""^[A-Za-zÁÉÍÓÚÜÑáéíóúüñ]\s+"", """"), texto10, IF(REGEXMATCH(texto9, ""(?i)^\s*Jos\s*$""), ""José"", texto9), texto11, REGEXREPLACE(texto10, ""(?i)(eé|ée|ee|éé)+"", ""é""), texto12, REGEXREPLACE(texto11, ""(?i)(aá|áa|aa|áá)+"&""", ""á""), texto13, REGEXREPLACE(texto12, ""(?i)(ií|íi|ii|íí)+"", ""í""), texto14, REGEXREPLACE(texto13, ""(?i)(oó|óo|oo|óó)+"", ""ó""), texto15, REGEXREPLACE(texto14, ""(?i)(uú|úu|uu|úú)+"", ""ú""), texto16, REGEXREPLACE(texto15, ""\s{2,"&"}"", "" ""), texto16 ) )) "),"Pilar Luisa Bonilla Garrido") -> Pilar Luisa Bonilla Garrido | U54: =I54 -> 403acb42-0f8a-41c6-b42a-d1adc4b62bfb | V54: =CONCATENATE(N54," ",O54," ",P54) -> Laptop Ultraliviana 4GB
A55: 45573 | B55: Medellín | C55: Tablet-Estándar-4GB | D55: 2168.25 | E55: 3 | F55: 6504.75 | G55: Fernando M√°rquez Almaraz | H55: benitezcarlota@yahoo.com | I55: 1d366307-d6bd-4e44-b202-bab1ce141dbd | K55: =IFERROR(__xludf.DUMMYFUNCTION("IF(ISBLANK(A55), """", IF(ISNUMBER(A55), TEXT(A55,""dd/mm/yyyy""), IF( REGEXMATCH(TRIM(A55),""^\d{1,2}/\d{1,2}/\d{4}$""), TRIM(A55), IFERROR( TEXT(DATEVALUE(SUBSTITUTE(SUBSTITUTE(TRIM(A55),""-"",""/""),""."",""/"")),"&"""dd/mm/yyyy""), TRIM(A55) ) ) ) ) "),"08/10/2024") -> 08/10/2024 | L55: 45573 | M55: =IFERROR(__xludf.DUMMYFUNCTION("PROPER(TRIM( REGEXREPLACE( REGEXREPLACE( SUBSTITUTE(SUBSTITUTE(SUBSTITUTE(SUBSTITUTE(SUBSTITUTE(SUBSTITUTE(SUBSTITUTE(SUBSTITUTE(SUBSTITUTE(SUBSTITUTE(SUBSTITUTE( B55,""√©"",""é""),""√°"",""á""),""√±"",""ñ""),""√≥"",""ó""),""√â"",""é"""&"),""√Å"",""á""),""√ç"",""í""),""√Ç"",""Í""),""√Â"",""é""),""√≠"",""í""),""√º"",""ú""), ""[,\\.√]"",""""), ""\\s+"","" "") )) "),"Medellín") -> Medellín | N55: =IFERROR(__xludf.DUMMYFUNCTION("SPLIT( TRIM( SUBSTITUTE( SUBSTITUTE( SUBSTITUTE( SUBSTITUTE( C55, ""√©"", ""é"" ), ""√±"", ""ñ"" ), ""√°"", ""á"" ), ""√≥"", ""ó"" ) ), ""-"" ) "),"Tablet") -> Tablet | O55: =IFERROR(__xludf.DUMMYFUNCTION("""COMPUTED_VALUE"""),"Estándar") -> Estándar | P55: =IFERROR(__xludf.DUMMYFUNCTION("""COMPUTED_VALUE"""),"4GB") -> 4GB | Q55: =IF(ISBLANK(D55),"0",D55) -> 2168.25 | R55: =IF(ISBLANK(E55),"Sin datos",E55) -> 3 | S55: =IF(ISBLANK(F55),"0",F55) -> 6504.75 | T55: =IFERROR(__xludf.DUMMYFUNCTION("PROPER(TRIM( LET( texto1, REGEXREPLACE(G55, ""(?i)\b(DR\.?|SRA?\.?|\(A\)|MTRO\.?|LIC\.?|ING\.?)\b"", """"), texto2, REGEXREPLACE(texto1, ""√©|√â|√Â"", ""é""), texto3, REGEXREPLACE(texto2, ""√°|√Å"", ""á""), texto4, REGEXREPLACE(texto3, "&"""√±"", ""ñ""), texto5, REGEXREPLACE(texto4, ""√≥"", ""ó""), texto6, REGEXREPLACE(texto5, ""√ç|√≠|√Ç"", ""í""), texto7, REGEXREPLACE(texto6, ""√º"", ""ú""), texto8, REGEXREPLACE(texto7, ""[^A-Za-zÁÉÍÓÚÜÑáéíóúüñ\s]"", """"), texto9, REG"&"EXREPLACE(texto8, ""^[A-Za-zÁÉÍÓÚÜÑáéíóúüñ]\s+"", """"), texto10, IF(REGEXMATCH(texto9, ""(?i)^\s*Jos\s*$""), ""José"", texto9), texto11, REGEXREPLACE(texto10, ""(?i)(eé|ée|ee|éé)+"", ""é""), texto12, REGEXREPLACE(texto11, ""(?i)(aá|áa|aa|áá)+"&""", ""á""), texto13, REGEXREPLACE(texto12, ""(?i)(ií|íi|ii|íí)+"", ""í""), texto14, REGEXREPLACE(texto13, ""(?i)(oó|óo|oo|óó)+"", ""ó""), texto15, REGEXREPLACE(texto14, ""(?i)(uú|úu|uu|úú)+"", ""ú""), texto16, REGEXREPLACE(texto15, ""\s{2,"&"}"", "" ""), texto16 ) )) "),"Fernando Márquez Almaraz") -> Fernando Márquez Almaraz | U55: =I55 -> 1d366307-d6bd-4e44-b202-bab1ce141dbd | V55: =CONCATENATE(N55," ",O55," ",P55) -> Tablet Estándar 4GB
A56: 45580 | B56: Monterrey | C56: Auriculares-Cancelación de ruido-8GB | D56: 882.55 | E56: 5 | F56: 4412.75 | G56: Ver√≥nica Wendolin Ter√°n | H56: felipe81@espino.info | I56: 6a83774a-e4f8-4c9b-ae75-2c985e801156 | K56: =IFERROR(__xludf.DUMMYFUNCTION("IF(ISBLANK(A56), """", IF(ISNUMBER(A56), TEXT(A56,""dd/mm/yyyy""), IF( REGEXMATCH(TRIM(A56),""^\d{1,2}/\d{1,2}/\d{4}$""), TRIM(A56), IFERROR( TEXT(DATEVALUE(SUBSTITUTE(SUBSTITUTE(TRIM(A56),""-"",""/""),""."",""/"")),"&"""dd/mm/yyyy""), TRIM(A56) ) ) ) ) "),"15/10/2024") -> 15/10/2024 | L56: 45580 | M56: =IFERROR(__xludf.DUMMYFUNCTION("PROPER(TRIM( REGEXREPLACE( REGEXREPLACE( SUBSTITUTE(SUBSTITUTE(SUBSTITUTE(SUBSTITUTE(SUBSTITUTE(SUBSTITUTE(SUBSTITUTE(SUBSTITUTE(SUBSTITUTE(SUBSTITUTE(SUBSTITUTE( B56,""√©"",""é""),""√°"",""á""),""√±"",""ñ""),""√≥"",""ó""),""√â"",""é"""&"),""√Å"",""á""),""√ç"",""í""),""√Ç"",""Í""),""√Â"",""é""),""√≠"",""í""),""√º"",""ú""), ""[,\\.√]"",""""), ""\\s+"","" "") )) "),"Monterrey") -> Monterrey | N56: =IFERROR(__xludf.DUMMYFUNCTION("SPLIT( TRIM( SUBSTITUTE( SUBSTITUTE( SUBSTITUTE( SUBSTITUTE( C56, ""√©"", ""é"" ), ""√±"", ""ñ"" ), ""√°"", ""á"" ), ""√≥"", ""ó"" ) ), ""-"" ) "),"Auriculares") -> Auriculares | O56: =IFERROR(__xludf.DUMMYFUNCTION("""COMPUTED_VALUE"""),"Cancelación de ruido") -> Cancelación de ruido | P56: =IFERROR(__xludf.DUMMYFUNCTION("""COMPUTED_VALUE"""),"8GB") -> 8GB | Q56: =IF(ISBLANK(D56),"0",D56) -> 882.55 | R56: =IF(ISBLANK(E56),"Sin datos",E56) -> 5 | S56: =IF(ISBLANK(F56),"0",F56) -> 4412.75 | T56: =IFERROR(__xludf.DUMMYFUNCTION("PROPER(TRIM( LET( texto1, REGEXREPLACE(G56, ""(?i)\b(DR\.?|SRA?\.?|\(A\)|MTRO\.?|LIC\.?|ING\.?)\b"", """"), texto2, REGEXREPLACE(texto1, ""√©|√â|√Â"", ""é""), texto3, REGEXREPLACE(texto2, ""√°|√Å"", ""á""), texto4, REGEXREPLACE(texto3, "&"""√±"", ""ñ""), texto5, REGEXREPLACE(texto4, ""√≥"", ""ó""), texto6, REGEXREPLACE(texto5, ""√ç|√≠|√Ç"", ""í""), texto7, REGEXREPLACE(texto6, ""√º"", ""ú""), texto8, REGEXREPLACE(texto7, ""[^A-Za-zÁÉÍÓÚÜÑáéíóúüñ\s]"", """"), texto9, REG"&"EXREPLACE(texto8, ""^[A-Za-zÁÉÍÓÚÜÑáéíóúüñ]\s+"", """"), texto10, IF(REGEXMATCH(texto9, ""(?i)^\s*Jos\s*$""), ""José"", texto9), texto11, REGEXREPLACE(texto10, ""(?i)(eé|ée|ee|éé)+"", ""é""), texto12, REGEXREPLACE(texto11, ""(?i)(aá|áa|aa|áá)+"&""", ""á""), texto13, REGEXREPLACE(texto12, ""(?i)(ií|íi|ii|íí)+"", ""í""), texto14, REGEXREPLACE(texto13, ""(?i)(oó|óo|oo|óó)+"", ""ó""), texto15, REGEXREPLACE(texto14, ""(?i)(uú|úu|uu|úú)+"", ""ú""), texto16, REGEXREPLACE(texto15, ""\s{2,"&"}"", "" ""), texto16 ) )) "),"Verónica Wendolin Terán") -> Verónica Wendolin Terán | U56: =I56 -> 6a83774a-e4f8-4c9b-ae75-2c985e801156 | V56: =CONCATENATE(N56," ",O56," ",P56) -> Auriculares Cancelación de ruido 8GB
A57: 45644 | B57: Bogotá | C57: Laptop-Ultraliviana-16GB | D57: 602.68 | E57: 3 | F57: 1808.04 | G57: Lic. Ricardo Coronado | H57: opaz@proyectos.net | I57: 84862dcd-d58c-423c-99b1-8b1ee8b38e4e | K57: =IFERROR(__xludf.DUMMYFUNCTION("IF(ISBLANK(A57), """", IF(ISNUMBER(A57), TEXT(A57,""dd/mm/yyyy""), IF( REGEXMATCH(TRIM(A57),""^\d{1,2}/\d{1,2}/\d{4}$""), TRIM(A57), IFERROR( TEXT(DATEVALUE(SUBSTITUTE(SUBSTITUTE(TRIM(A57),""-"",""/""),""."",""/"")),"&"""dd/mm/yyyy""), TRIM(A57) ) ) ) ) "),"18/12/2024") -> 18/12/2024 | L57: 45644 | M57: =IFERROR(__xludf.DUMMYFUNCTION("PROPER(TRIM( REGEXREPLACE( REGEXREPLACE( SUBSTITUTE(SUBSTITUTE(SUBSTITUTE(SUBSTITUTE(SUBSTITUTE(SUBSTITUTE(SUBSTITUTE(SUBSTITUTE(SUBSTITUTE(SUBSTITUTE(SUBSTITUTE( B57,""√©"",""é""),""√°"",""á""),""√±"",""ñ""),""√≥"",""ó""),""√â"",""é"""&"),""√Å"",""á""),""√ç"",""í""),""√Ç"",""Í""),""√Â"",""é""),""√≠"",""í""),""√º"",""ú""), ""[,\\.√]"",""""), ""\\s+"","" "") )) "),"Bogotá") -> Bogotá | N57: =IFERROR(__xludf.DUMMYFUNCTION("SPLIT( TRIM( SUBSTITUTE( SUBSTITUTE( SUBSTITUTE( SUBSTITUTE( C57, ""√©"", ""é"" ), ""√±"", ""ñ"" ), ""√°"", ""á"" ), ""√≥"", ""ó"" ) ), ""-"" ) "),"Laptop") -> Laptop | O57: =IFERROR(__xludf.DUMMYFUNCTION("""COMPUTED_VALUE"""),"Ultraliviana") -> Ultraliviana | P57: =IFERROR(__xludf.DUMMYFUNCTION("""COMPUTED_VALUE"""),"16GB") -> 16GB | Q57: =IF(ISBLANK(D57),"0",D57) -> 602.68 | R57: =IF(ISBLANK(E57),"Sin datos",E57) -> 3 | S57: =IF(ISBLANK(F57),"0",F57) -> 1808.04 | T57: =IFERROR(__xludf.DUMMYFUNCTION("PROPER(TRIM( LET( texto1, REGEXREPLACE(G57, ""(?i)\b(DR\.?|SRA?\.?|\(A\)|MTRO\.?|LIC\.?|ING\.?)\b"", """"), texto2, REGEXREPLACE(texto1, ""√©|√â|√Â"", ""é""), texto3, REGEXREPLACE(texto2, ""√°|√Å"", ""á""), texto4, REGEXREPLACE(texto3, "&"""√±"", ""ñ""), texto5, REGEXREPLACE(texto4, ""√≥"", ""ó""), texto6, REGEXREPLACE(texto5, ""√ç|√≠|√Ç"", ""í""), texto7, REGEXREPLACE(texto6, ""√º"", ""ú""), texto8, REGEXREPLACE(texto7, ""[^A-Za-zÁÉÍÓÚÜÑáéíóúüñ\s]"", """"), texto9, REG"&"EXREPLACE(texto8, ""^[A-Za-zÁÉÍÓÚÜÑáéíóúüñ]\s+"", """"), texto10, IF(REGEXMATCH(texto9, ""(?i)^\s*Jos\s*$""), ""José"", texto9), texto11, REGEXREPLACE(texto10, ""(?i)(eé|ée|ee|éé)+"", ""é""), texto12, REGEXREPLACE(texto11, ""(?i)(aá|áa|aa|áá)+"&""", ""á""), texto13, REGEXREPLACE(texto12, ""(?i)(ií|íi|ii|íí)+"", ""í""), texto14, REGEXREPLACE(texto13, ""(?i)(oó|óo|oo|óó)+"", ""ó""), texto15, REGEXREPLACE(texto14, ""(?i)(uú|úu|uu|úú)+"", ""ú""), texto16, REGEXREPLACE(texto15, ""\s{2,"&"}"", "" ""), texto16 ) )) "),"Ricardo Coronado") -> Ricardo Coronado | U57: =I57 -> 84862dcd-d58c-423c-99b1-8b1ee8b38e4e | V57: =CONCATENATE(N57," ",O57," ",P57) -> Laptop Ultraliviana 16GB
A58: 45613 | B58: Medellín | C58: Teléfono-Gama alta-32GB | D58: 2405.31 | E58: 5 | G58: Virginia Aldonza Zamora Longoria | H58: bpacheco@hotmail.com | I58: 512f8818-bb8d-466a-9f10-79bd8f52408b | K58: =IFERROR(__xludf.DUMMYFUNCTION("IF(ISBLANK(A58), """", IF(ISNUMBER(A58), TEXT(A58,""dd/mm/yyyy""), IF( REGEXMATCH(TRIM(A58),""^\d{1,2}/\d{1,2}/\d{4}$""), TRIM(A58), IFERROR( TEXT(DATEVALUE(SUBSTITUTE(SUBSTITUTE(TRIM(A58),""-"",""/""),""."",""/"")),"&"""dd/mm/yyyy""), TRIM(A58) ) ) ) ) "),"17/11/2024") -> 17/11/2024 | L58: 45613 | M58: =IFERROR(__xludf.DUMMYFUNCTION("PROPER(TRIM( REGEXREPLACE( REGEXREPLACE( SUBSTITUTE(SUBSTITUTE(SUBSTITUTE(SUBSTITUTE(SUBSTITUTE(SUBSTITUTE(SUBSTITUTE(SUBSTITUTE(SUBSTITUTE(SUBSTITUTE(SUBSTITUTE( B58,""√©"",""é""),""√°"",""á""),""√±"",""ñ""),""√≥"",""ó""),""√â"",""é"""&"),""√Å"",""á""),""√ç"",""í""),""√Ç"",""Í""),""√Â"",""é""),""√≠"",""í""),""√º"",""ú""), ""[,\\.√]"",""""), ""\\s+"","" "") )) "),"Medellín") -> Medellín | N58: =IFERROR(__xludf.DUMMYFUNCTION("SPLIT( TRIM( SUBSTITUTE( SUBSTITUTE( SUBSTITUTE( SUBSTITUTE( C58, ""√©"", ""é"" ), ""√±"", ""ñ"" ), ""√°"", ""á"" ), ""√≥"", ""ó"" ) ), ""-"" ) "),"Teléfono") -> Teléfono | O58: =IFERROR(__xludf.DUMMYFUNCTION("""COMPUTED_VALUE"""),"Gama alta") -> Gama alta | P58: =IFERROR(__xludf.DUMMYFUNCTION("""COMPUTED_VALUE"""),"32GB") -> 32GB | Q58: =IF(ISBLANK(D58),"0",D58) -> 2405.31 | R58: =IF(ISBLANK(E58),"Sin datos",E58) -> 5 | S58: =IF(ISBLANK(F58),"0",F58) -> 0 | T58: =IFERROR(__xludf.DUMMYFUNCTION("PROPER(TRIM( LET( texto1, REGEXREPLACE(G58, ""(?i)\b(DR\.?|SRA?\.?|\(A\)|MTRO\.?|LIC\.?|ING\.?)\b"", """"), texto2, REGEXREPLACE(texto1, ""√©|√â|√Â"", ""é""), texto3, REGEXREPLACE(texto2, ""√°|√Å"", ""á""), texto4, REGEXREPLACE(texto3, "&"""√±"", ""ñ""), texto5, REGEXREPLACE(texto4, ""√≥"", ""ó""), texto6, REGEXREPLACE(texto5, ""√ç|√≠|√Ç"", ""í""), texto7, REGEXREPLACE(texto6, ""√º"", ""ú""), texto8, REGEXREPLACE(texto7, ""[^A-Za-zÁÉÍÓÚÜÑáéíóúüñ\s]"", """"), texto9, REG"&"EXREPLACE(texto8, ""^[A-Za-zÁÉÍÓÚÜÑáéíóúüñ]\s+"", """"), texto10, IF(REGEXMATCH(texto9, ""(?i)^\s*Jos\s*$""), ""José"", texto9), texto11, REGEXREPLACE(texto10, ""(?i)(eé|ée|ee|éé)+"", ""é""), texto12, REGEXREPLACE(texto11, ""(?i)(aá|áa|aa|áá)+"&""", ""á""), texto13, REGEXREPLACE(texto12, ""(?i)(ií|íi|ii|íí)+"", ""í""), texto14, REGEXREPLACE(texto13, ""(?i)(oó|óo|oo|óó)+"", ""ó""), texto15, REGEXREPLACE(texto14, ""(?i)(uú|úu|uu|úú)+"", ""ú""), texto16, REGEXREPLACE(texto15, ""\s{2,"&"}"", "" ""), texto16 ) )) "),"Virginia Aldonza Zamora Longoria") -> Virginia Aldonza Zamora Longoria | U58: =I58 -> 512f8818-bb8d-466a-9f10-79bd8f52408b | V58: =CONCATENATE(N58," ",O58," ",P58) -> Teléfono Gama alta 32GB
A59: 45621 | B59: Guadalajara | C59: Auriculares-Bluetooth-16GB | D59: 564.69 | E59: 2 | F59: 1129.38 | G59: Alonso Paola Rocha | H59: ujasso@olivares.com | I59: 8588db90-3e5f-471e-8500-c89cbc6d1623 | K59: =IFERROR(__xludf.DUMMYFUNCTION("IF(ISBLANK(A59), """", IF(ISNUMBER(A59), TEXT(A59,""dd/mm/yyyy""), IF( REGEXMATCH(TRIM(A59),""^\d{1,2}/\d{1,2}/\d{4}$""), TRIM(A59), IFERROR( TEXT(DATEVALUE(SUBSTITUTE(SUBSTITUTE(TRIM(A59),""-"",""/""),""."",""/"")),"&"""dd/mm/yyyy""), TRIM(A59) ) ) ) ) "),"25/11/2024") -> 25/11/2024 | L59: 45621 | M59: =IFERROR(__xludf.DUMMYFUNCTION("PROPER(TRIM( REGEXREPLACE( REGEXREPLACE( SUBSTITUTE(SUBSTITUTE(SUBSTITUTE(SUBSTITUTE(SUBSTITUTE(SUBSTITUTE(SUBSTITUTE(SUBSTITUTE(SUBSTITUTE(SUBSTITUTE(SUBSTITUTE( B59,""√©"",""é""),""√°"",""á""),""√±"",""ñ""),""√≥"",""ó""),""√â"",""é"""&"),""√Å"",""á""),""√ç"",""í""),""√Ç"",""Í""),""√Â"",""é""),""√≠"",""í""),""√º"",""ú""), ""[,\\.√]"",""""), ""\\s+"","" "") )) "),"Guadalajara") -> Guadalajara | N59: =IFERROR(__xludf.DUMMYFUNCTION("SPLIT( TRIM( SUBSTITUTE( SUBSTITUTE( SUBSTITUTE( SUBSTITUTE( C59, ""√©"", ""é"" ), ""√±"", ""ñ"" ), ""√°"", ""á"" ), ""√≥"", ""ó"" ) ), ""-"" ) "),"Auriculares") -> Auriculares | O59: =IFERROR(__xludf.DUMMYFUNCTION("""COMPUTED_VALUE"""),"Bluetooth") -> Bluetooth | P59: =IFERROR(__xludf.DUMMYFUNCTION("""COMPUTED_VALUE"""),"16GB") -> 16GB | Q59: =IF(ISBLANK(D59),"0",D59) -> 564.69 | R59: =IF(ISBLANK(E59),"Sin datos",E59) -> 2 | S59: =IF(ISBLANK(F59),"0",F59) -> 1129.38 | T59: =IFERROR(__xludf.DUMMYFUNCTION("PROPER(TRIM( LET( texto1, REGEXREPLACE(G59, ""(?i)\b(DR\.?|SRA?\.?|\(A\)|MTRO\.?|LIC\.?|ING\.?)\b"", """"), texto2, REGEXREPLACE(texto1, ""√©|√â|√Â"", ""é""), texto3, REGEXREPLACE(texto2, ""√°|√Å"", ""á""), texto4, REGEXREPLACE(texto3, "&"""√±"", ""ñ""), texto5, REGEXREPLACE(texto4, ""√≥"", ""ó""), texto6, REGEXREPLACE(texto5, ""√ç|√≠|√Ç"", ""í""), texto7, REGEXREPLACE(texto6, ""√º"", ""ú""), texto8, REGEXREPLACE(texto7, ""[^A-Za-zÁÉÍÓÚÜÑáéíóúüñ\s]"", """"), texto9, REG"&"EXREPLACE(texto8, ""^[A-Za-zÁÉÍÓÚÜÑáéíóúüñ]\s+"", """"), texto10, IF(REGEXMATCH(texto9, ""(?i)^\s*Jos\s*$""), ""José"", texto9), texto11, REGEXREPLACE(texto10, ""(?i)(eé|ée|ee|éé)+"", ""é""), texto12, REGEXREPLACE(texto11, ""(?i)(aá|áa|aa|áá)+"&""", ""á""), texto13, REGEXREPLACE(texto12, ""(?i)(ií|íi|ii|íí)+"", ""í""), texto14, REGEXREPLACE(texto13, ""(?i)(oó|óo|oo|óó)+"", ""ó""), texto15, REGEXREPLACE(texto14, ""(?i)(uú|úu|uu|úú)+"", ""ú""), texto16, REGEXREPLACE(texto15, ""\s{2,"&"}"", "" ""), texto16 ) )) "),"Alonso Paola Rocha") -> Alonso Paola Rocha | U59: =I59 -> 8588db90-3e5f-471e-8500-c89cbc6d1623 | V59: =CONCATENATE(N59," ",O59," ",P59) -> Auriculares Bluetooth 16GB
A60: 45646 | B60: Cali | C60: Teléfono-Gama media-4GB | D60: 2373.12 | E60: 2 | F60: 4746.24 | G60: Aida Marrero | H60: juana18@yahoo.com | I60: 84603ef1-6930-4a3e-b3f4-2e56b1a84398 | K60: =IFERROR(__xludf.DUMMYFUNCTION("IF(ISBLANK(A60), """", IF(ISNUMBER(A60), TEXT(A60,""dd/mm/yyyy""), IF( REGEXMATCH(TRIM(A60),""^\d{1,2}/\d{1,2}/\d{4}$""), TRIM(A60), IFERROR( TEXT(DATEVALUE(SUBSTITUTE(SUBSTITUTE(TRIM(A60),""-"",""/""),""."",""/"")),"&"""dd/mm/yyyy""), TRIM(A60) ) ) ) ) "),"20/12/2024") -> 20/12/2024 | L60: 45646 | M60: =IFERROR(__xludf.DUMMYFUNCTION("PROPER(TRIM( REGEXREPLACE( REGEXREPLACE( SUBSTITUTE(SUBSTITUTE(SUBSTITUTE(SUBSTITUTE(SUBSTITUTE(SUBSTITUTE(SUBSTITUTE(SUBSTITUTE(SUBSTITUTE(SUBSTITUTE(SUBSTITUTE( B60,""√©"",""é""),""√°"",""á""),""√±"",""ñ""),""√≥"",""ó""),""√â"",""é"""&"),""√Å"",""á""),""√ç"",""í""),""√Ç"",""Í""),""√Â"",""é""),""√≠"",""í""),""√º"",""ú""), ""[,\\.√]"",""""), ""\\s+"","" "") )) "),"Cali") -> Cali | N60: =IFERROR(__xludf.DUMMYFUNCTION("SPLIT( TRIM( SUBSTITUTE( SUBSTITUTE( SUBSTITUTE( SUBSTITUTE( C60, ""√©"", ""é"" ), ""√±"", ""ñ"" ), ""√°"", ""á"" ), ""√≥"", ""ó"" ) ), ""-"" ) "),"Teléfono") -> Teléfono | O60: =IFERROR(__xludf.DUMMYFUNCTION("""COMPUTED_VALUE"""),"Gama media") -> Gama media | P60: =IFERROR(__xludf.DUMMYFUNCTION("""COMPUTED_VALUE"""),"4GB") -> 4GB | Q60: =IF(ISBLANK(D60),"0",D60) -> 2373.12 | R60: =IF(ISBLANK(E60),"Sin datos",E60) -> 2 | S60: =IF(ISBLANK(F60),"0",F60) -> 4746.24 | T60: =IFERROR(__xludf.DUMMYFUNCTION("PROPER(TRIM( LET( texto1, REGEXREPLACE(G60, ""(?i)\b(DR\.?|SRA?\.?|\(A\)|MTRO\.?|LIC\.?|ING\.?)\b"", """"), texto2, REGEXREPLACE(texto1, ""√©|√â|√Â"", ""é""), texto3, REGEXREPLACE(texto2, ""√°|√Å"", ""á""), texto4, REGEXREPLACE(texto3, "&"""√±"", ""ñ""), texto5, REGEXREPLACE(texto4, ""√≥"", ""ó""), texto6, REGEXREPLACE(texto5, ""√ç|√≠|√Ç"", ""í""), texto7, REGEXREPLACE(texto6, ""√º"", ""ú""), texto8, REGEXREPLACE(texto7, ""[^A-Za-zÁÉÍÓÚÜÑáéíóúüñ\s]"", """"), texto9, REG"&"EXREPLACE(texto8, ""^[A-Za-zÁÉÍÓÚÜÑáéíóúüñ]\s+"", """"), texto10, IF(REGEXMATCH(texto9, ""(?i)^\s*Jos\s*$""), ""José"", texto9), texto11, REGEXREPLACE(texto10, ""(?i)(eé|ée|ee|éé)+"", ""é""), texto12, REGEXREPLACE(texto11, ""(?i)(aá|áa|aa|áá)+"&""", ""á""), texto13, REGEXREPLACE(texto12, ""(?i)(ií|íi|ii|íí)+"", ""í""), texto14, REGEXREPLACE(texto13, ""(?i)(oó|óo|oo|óó)+"", ""ó""), texto15, REGEXREPLACE(texto14, ""(?i)(uú|úu|uu|úú)+"", ""ú""), texto16, REGEXREPLACE(texto15, ""\s{2,"&"}"", "" ""), texto16 ) )) "),"Aida Marrero") -> Aida Marrero | U60: =I60 -> 84603ef1-6930-4a3e-b3f4-2e56b1a84398 | V60: =CONCATENATE(N60," ",O60," ",P60) -> Teléfono Gama media 4GB
A61: 45575 | B61: BOGOT√Å | C61: Laptop-Oficina-16GB | D61: 278.37 | E61: 3 | F61: 835.11 | G61: Mtro. C√©sar Verduzco | H61: maria-elena87@proyectos.biz | I61: af1640cb-8d21-4be4-a497-cf19ebe3fa3e | K61: =IFERROR(__xludf.DUMMYFUNCTION("IF(ISBLANK(A61), """", IF(ISNUMBER(A61), TEXT(A61,""dd/mm/yyyy""), IF( REGEXMATCH(TRIM(A61),""^\d{1,2}/\d{1,2}/\d{4}$""), TRIM(A61), IFERROR( TEXT(DATEVALUE(SUBSTITUTE(SUBSTITUTE(TRIM(A61),""-"",""/""),""."",""/"")),"&"""dd/mm/yyyy""), TRIM(A61) ) ) ) ) "),"10/10/2024") -> 10/10/2024 | L61: 45575 | M61: =IFERROR(__xludf.DUMMYFUNCTION("PROPER(TRIM( REGEXREPLACE( REGEXREPLACE( SUBSTITUTE(SUBSTITUTE(SUBSTITUTE(SUBSTITUTE(SUBSTITUTE(SUBSTITUTE(SUBSTITUTE(SUBSTITUTE(SUBSTITUTE(SUBSTITUTE(SUBSTITUTE( B61,""√©"",""é""),""√°"",""á""),""√±"",""ñ""),""√≥"",""ó""),""√â"",""é"""&"),""√Å"",""á""),""√ç"",""í""),""√Ç"",""Í""),""√Â"",""é""),""√≠"",""í""),""√º"",""ú""), ""[,\\.√]"",""""), ""\\s+"","" "") )) "),"Bogotá") -> Bogotá | N61: =IFERROR(__xludf.DUMMYFUNCTION("SPLIT( TRIM( SUBSTITUTE( SUBSTITUTE( SUBSTITUTE( SUBSTITUTE( C61, ""√©"", ""é"" ), ""√±"", ""ñ"" ), ""√°"", ""á"" ), ""√≥"", ""ó"" ) ), ""-"" ) "),"Laptop") -> Laptop | O61: =IFERROR(__xludf.DUMMYFUNCTION("""COMPUTED_VALUE"""),"Oficina") -> Oficina | P61: =IFERROR(__xludf.DUMMYFUNCTION("""COMPUTED_VALUE"""),"16GB") -> 16GB | Q61: =IF(ISBLANK(D61),"0",D61) -> 278.37 | R61: =IF(ISBLANK(E61),"Sin datos",E61) -> 3 | S61: =IF(ISBLANK(F61),"0",F61) -> 835.11 | T61: =IFERROR(__xludf.DUMMYFUNCTION("PROPER(TRIM( LET( texto1, REGEXREPLACE(G61, ""(?i)\b(DR\.?|SRA?\.?|\(A\)|MTRO\.?|LIC\.?|ING\.?)\b"", """"), texto2, REGEXREPLACE(texto1, ""√©|√â|√Â"", ""é""), texto3, REGEXREPLACE(texto2, ""√°|√Å"", ""á""), texto4, REGEXREPLACE(texto3, "&"""√±"", ""ñ""), texto5, REGEXREPLACE(texto4, ""√≥"", ""ó""), texto6, REGEXREPLACE(texto5, ""√ç|√≠|√Ç"", ""í""), texto7, REGEXREPLACE(texto6, ""√º"", ""ú""), texto8, REGEXREPLACE(texto7, ""[^A-Za-zÁÉÍÓÚÜÑáéíóúüñ\s]"", """"), texto9, REG"&"EXREPLACE(texto8, ""^[A-Za-zÁÉÍÓÚÜÑáéíóúüñ]\s+"", """"), texto10, IF(REGEXMATCH(texto9, ""(?i)^\s*Jos\s*$""), ""José"", texto9), texto11, REGEXREPLACE(texto10, ""(?i)(eé|ée|ee|éé)+"", ""é""), texto12, REGEXREPLACE(texto11, ""(?i)(aá|áa|aa|áá)+"&""", ""á""), texto13, REGEXREPLACE(texto12, ""(?i)(ií|íi|ii|íí)+"", ""í""), texto14, REGEXREPLACE(texto13, ""(?i)(oó|óo|oo|óó)+"", ""ó""), texto15, REGEXREPLACE(texto14, ""(?i)(uú|úu|uu|úú)+"", ""ú""), texto16, REGEXREPLACE(texto15, ""\s{2,"&"}"", "" ""), texto16 ) )) "),"César Verduzco") -> César Verduzco | U61: =I61 -> af1640cb-8d21-4be4-a497-cf19ebe3fa3e | V61: =CONCATENATE(N61," ",O61," ",P61) -> Laptop Oficina 16GB
A62: 45633 | B62: Monterrey | C62: Laptop-Gaming-4GB | D62: 1636.89 | E62: 2 | F62: 3273.78 | G62: Rodrigo Yeni Avil√©s | H62: juan-carlos48@del.info | I62: fa21bde8-c128-4e66-83c3-a35891b527e7 | K62: =IFERROR(__xludf.DUMMYFUNCTION("IF(ISBLANK(A62), """", IF(ISNUMBER(A62), TEXT(A62,""dd/mm/yyyy""), IF( REGEXMATCH(TRIM(A62),""^\d{1,2}/\d{1,2}/\d{4}$""), TRIM(A62), IFERROR( TEXT(DATEVALUE(SUBSTITUTE(SUBSTITUTE(TRIM(A62),""-"",""/""),""."",""/"")),"&"""dd/mm/yyyy""), TRIM(A62) ) ) ) ) "),"07/12/2024") -> 07/12/2024 | L62: 45633 | M62: =IFERROR(__xludf.DUMMYFUNCTION("PROPER(TRIM( REGEXREPLACE( REGEXREPLACE( SUBSTITUTE(SUBSTITUTE(SUBSTITUTE(SUBSTITUTE(SUBSTITUTE(SUBSTITUTE(SUBSTITUTE(SUBSTITUTE(SUBSTITUTE(SUBSTITUTE(SUBSTITUTE( B62,""√©"",""é""),""√°"",""á""),""√±"",""ñ""),""√≥"",""ó""),""√â"",""é"""&"),""√Å"",""á""),""√ç"",""í""),""√Ç"",""Í""),""√Â"",""é""),""√≠"",""í""),""√º"",""ú""), ""[,\\.√]"",""""), ""\\s+"","" "") )) "),"Monterrey") -> Monterrey | N62: =IFERROR(__xludf.DUMMYFUNCTION("SPLIT( TRIM( SUBSTITUTE( SUBSTITUTE( SUBSTITUTE( SUBSTITUTE( C62, ""√©"", ""é"" ), ""√±"", ""ñ"" ), ""√°"", ""á"" ), ""√≥"", ""ó"" ) ), ""-"" ) "),"Laptop") -> Laptop | O62: =IFERROR(__xludf.DUMMYFUNCTION("""COMPUTED_VALUE"""),"Gaming") -> Gaming | P62: =IFERROR(__xludf.DUMMYFUNCTION("""COMPUTED_VALUE"""),"4GB") -> 4GB | Q62: =IF(ISBLANK(D62),"0",D62) -> 1636.89 | R62: =IF(ISBLANK(E62),"Sin datos",E62) -> 2 | S62: =IF(ISBLANK(F62),"0",F62) -> 3273.78 | T62: =IFERROR(__xludf.DUMMYFUNCTION("PROPER(TRIM( LET( texto1, REGEXREPLACE(G62, ""(?i)\b(DR\.?|SRA?\.?|\(A\)|MTRO\.?|LIC\.?|ING\.?)\b"", """"), texto2, REGEXREPLACE(texto1, ""√©|√â|√Â"", ""é""), texto3, REGEXREPLACE(texto2, ""√°|√Å"", ""á""), texto4, REGEXREPLACE(texto3, "&"""√±"", ""ñ""), texto5, REGEXREPLACE(texto4, ""√≥"", ""ó""), texto6, REGEXREPLACE(texto5, ""√ç|√≠|√Ç"", ""í""), texto7, REGEXREPLACE(texto6, ""√º"", ""ú""), texto8, REGEXREPLACE(texto7, ""[^A-Za-zÁÉÍÓÚÜÑáéíóúüñ\s]"", """"), texto9, REG"&"EXREPLACE(texto8, ""^[A-Za-zÁÉÍÓÚÜÑáéíóúüñ]\s+"", """"), texto10, IF(REGEXMATCH(texto9, ""(?i)^\s*Jos\s*$""), ""José"", texto9), texto11, REGEXREPLACE(texto10, ""(?i)(eé|ée|ee|éé)+"", ""é""), texto12, REGEXREPLACE(texto11, ""(?i)(aá|áa|aa|áá)+"&""", ""á""), texto13, REGEXREPLACE(texto12, ""(?i)(ií|íi|ii|íí)+"", ""í""), texto14, REGEXREPLACE(texto13, ""(?i)(oó|óo|oo|óó)+"", ""ó""), texto15, REGEXREPLACE(texto14, ""(?i)(uú|úu|uu|úú)+"", ""ú""), texto16, REGEXREPLACE(texto15, ""\s{2,"&"}"", "" ""), texto16 ) )) "),"Rodrigo Yeni Avilés") -> Rodrigo Yeni Avilés | U62: =I62 -> fa21bde8-c128-4e66-83c3-a35891b527e7 | V62: =CONCATENATE(N62," ",O62," ",P62) -> Laptop Gaming 4GB
A63: 45609 | B63: Bogotá | C63: Auriculares-Bluetooth-4GB | E63: 1 | F63: 1787.41 | G63: Cynthia Aguilera Figueroa | H63: eloyarroyo@yahoo.com | I63: 6a533065-10e9-417f-90b8-cc321916284c | K63: =IFERROR(__xludf.DUMMYFUNCTION("IF(ISBLANK(A63), """", IF(ISNUMBER(A63), TEXT(A63,""dd/mm/yyyy""), IF( REGEXMATCH(TRIM(A63),""^\d{1,2}/\d{1,2}/\d{4}$""), TRIM(A63), IFERROR( TEXT(DATEVALUE(SUBSTITUTE(SUBSTITUTE(TRIM(A63),""-"",""/""),""."",""/"")),"&"""dd/mm/yyyy""), TRIM(A63) ) ) ) ) "),"13/11/2024") -> 13/11/2024 | L63: 45609 | M63: =IFERROR(__xludf.DUMMYFUNCTION("PROPER(TRIM( REGEXREPLACE( REGEXREPLACE( SUBSTITUTE(SUBSTITUTE(SUBSTITUTE(SUBSTITUTE(SUBSTITUTE(SUBSTITUTE(SUBSTITUTE(SUBSTITUTE(SUBSTITUTE(SUBSTITUTE(SUBSTITUTE( B63,""√©"",""é""),""√°"",""á""),""√±"",""ñ""),""√≥"",""ó""),""√â"",""é"""&"),""√Å"",""á""),""√ç"",""í""),""√Ç"",""Í""),""√Â"",""é""),""√≠"",""í""),""√º"",""ú""), ""[,\\.√]"",""""), ""\\s+"","" "") )) "),"Bogotá") -> Bogotá | N63: =IFERROR(__xludf.DUMMYFUNCTION("SPLIT( TRIM( SUBSTITUTE( SUBSTITUTE( SUBSTITUTE( SUBSTITUTE( C63, ""√©"", ""é"" ), ""√±"", ""ñ"" ), ""√°"", ""á"" ), ""√≥"", ""ó"" ) ), ""-"" ) "),"Auriculares") -> Auriculares | O63: =IFERROR(__xludf.DUMMYFUNCTION("""COMPUTED_VALUE"""),"Bluetooth") -> Bluetooth | P63: =IFERROR(__xludf.DUMMYFUNCTION("""COMPUTED_VALUE"""),"4GB") -> 4GB | Q63: =IF(ISBLANK(D63),"0",D63) -> 0 | R63: =IF(ISBLANK(E63),"Sin datos",E63) -> 1 | S63: =IF(ISBLANK(F63),"0",F63) -> 1787.41 | T63: =IFERROR(__xludf.DUMMYFUNCTION("PROPER(TRIM( LET( texto1, REGEXREPLACE(G63, ""(?i)\b(DR\.?|SRA?\.?|\(A\)|MTRO\.?|LIC\.?|ING\.?)\b"", """"), texto2, REGEXREPLACE(texto1, ""√©|√â|√Â"", ""é""), texto3, REGEXREPLACE(texto2, ""√°|√Å"", ""á""), texto4, REGEXREPLACE(texto3, "&"""√±"", ""ñ""), texto5, REGEXREPLACE(texto4, ""√≥"", ""ó""), texto6, REGEXREPLACE(texto5, ""√ç|√≠|√Ç"", ""í""), texto7, REGEXREPLACE(texto6, ""√º"", ""ú""), texto8, REGEXREPLACE(texto7, ""[^A-Za-zÁÉÍÓÚÜÑáéíóúüñ\s]"", """"), texto9, REG"&"EXREPLACE(texto8, ""^[A-Za-zÁÉÍÓÚÜÑáéíóúüñ]\s+"", """"), texto10, IF(REGEXMATCH(texto9, ""(?i)^\s*Jos\s*$""), ""José"", texto9), texto11, REGEXREPLACE(texto10, ""(?i)(eé|ée|ee|éé)+"", ""é""), texto12, REGEXREPLACE(texto11, ""(?i)(aá|áa|aa|áá)+"&""", ""á""), texto13, REGEXREPLACE(texto12, ""(?i)(ií|íi|ii|íí)+"", ""í""), texto14, REGEXREPLACE(texto13, ""(?i)(oó|óo|oo|óó)+"", ""ó""), texto15, REGEXREPLACE(texto14, ""(?i)(uú|úu|uu|úú)+"", ""ú""), texto16, REGEXREPLACE(texto15, ""\s{2,"&"}"", "" ""), texto16 ) )) "),"Cynthia Aguilera Figueroa") -> Cynthia Aguilera Figueroa | U63: =I63 -> 6a533065-10e9-417f-90b8-cc321916284c | V63: =CONCATENATE(N63," ",O63," ",P63) -> Auriculares Bluetooth 4GB
A64: 45628 | B64: GUADALAJARA | C64: Tablet-Mini-16GB | D64: 218.94 | E64: 3 | F64: 656.82 | G64: Omar Casares Benav√≠dez | H64: humberto17@tapia.com | I64: be2593fe-882a-47b4-84fb-96d56973714b | K64: =IFERROR(__xludf.DUMMYFUNCTION("IF(ISBLANK(A64), """", IF(ISNUMBER(A64), TEXT(A64,""dd/mm/yyyy""), IF( REGEXMATCH(TRIM(A64),""^\d{1,2}/\d{1,2}/\d{4}$""), TRIM(A64), IFERROR( TEXT(DATEVALUE(SUBSTITUTE(SUBSTITUTE(TRIM(A64),""-"",""/""),""."",""/"")),"&"""dd/mm/yyyy""), TRIM(A64) ) ) ) ) "),"02/12/2024") -> 02/12/2024 | L64: 45628 | M64: =IFERROR(__xludf.DUMMYFUNCTION("PROPER(TRIM( REGEXREPLACE( REGEXREPLACE( SUBSTITUTE(SUBSTITUTE(SUBSTITUTE(SUBSTITUTE(SUBSTITUTE(SUBSTITUTE(SUBSTITUTE(SUBSTITUTE(SUBSTITUTE(SUBSTITUTE(SUBSTITUTE( B64,""√©"",""é""),""√°"",""á""),""√±"",""ñ""),""√≥"",""ó""),""√â"",""é"""&"),""√Å"",""á""),""√ç"",""í""),""√Ç"",""Í""),""√Â"",""é""),""√≠"",""í""),""√º"",""ú""), ""[,\\.√]"",""""), ""\\s+"","" "") )) "),"Guadalajara") -> Guadalajara | N64: =IFERROR(__xludf.DUMMYFUNCTION("SPLIT( TRIM( SUBSTITUTE( SUBSTITUTE( SUBSTITUTE( SUBSTITUTE( C64, ""√©"", ""é"" ), ""√±"", ""ñ"" ), ""√°"", ""á"" ), ""√≥"", ""ó"" ) ), ""-"" ) "),"Tablet") -> Tablet | O64: =IFERROR(__xludf.DUMMYFUNCTION("""COMPUTED_VALUE"""),"Mini") -> Mini | P64: =IFERROR(__xludf.DUMMYFUNCTION("""COMPUTED_VALUE"""),"16GB") -> 16GB | Q64: =IF(ISBLANK(D64),"0",D64) -> 218.94 | R64: =IF(ISBLANK(E64),"Sin datos",E64) -> 3 | S64: =IF(ISBLANK(F64),"0",F64) -> 656.82 | T64: =IFERROR(__xludf.DUMMYFUNCTION("PROPER(TRIM( LET( texto1, REGEXREPLACE(G64, ""(?i)\b(DR\.?|SRA?\.?|\(A\)|MTRO\.?|LIC\.?|ING\.?)\b"", """"), texto2, REGEXREPLACE(texto1, ""√©|√â|√Â"", ""é""), texto3, REGEXREPLACE(texto2, ""√°|√Å"", ""á""), texto4, REGEXREPLACE(texto3, "&"""√±"", ""ñ""), texto5, REGEXREPLACE(texto4, ""√≥"", ""ó""), texto6, REGEXREPLACE(texto5, ""√ç|√≠|√Ç"", ""í""), texto7, REGEXREPLACE(texto6, ""√º"", ""ú""), texto8, REGEXREPLACE(texto7, ""[^A-Za-zÁÉÍÓÚÜÑáéíóúüñ\s]"", """"), texto9, REG"&"EXREPLACE(texto8, ""^[A-Za-zÁÉÍÓÚÜÑáéíóúüñ]\s+"", """"), texto10, IF(REGEXMATCH(texto9, ""(?i)^\s*Jos\s*$""), ""José"", texto9), texto11, REGEXREPLACE(texto10, ""(?i)(eé|ée|ee|éé)+"", ""é""), texto12, REGEXREPLACE(texto11, ""(?i)(aá|áa|aa|áá)+"&""", ""á""), texto13, REGEXREPLACE(texto12, ""(?i)(ií|íi|ii|íí)+"", ""í""), texto14, REGEXREPLACE(texto13, ""(?i)(oó|óo|oo|óó)+"", ""ó""), texto15, REGEXREPLACE(texto14, ""(?i)(uú|úu|uu|úú)+"", ""ú""), texto16, REGEXREPLACE(texto15, ""\s{2,"&"}"", "" ""), texto16 ) )) "),"Omar Casares Benavídez") -> Omar Casares Benavídez | U64: =I64 -> be2593fe-882a-47b4-84fb-96d56973714b | V64: =CONCATENATE(N64," ",O64," ",P64) -> Tablet Mini 16GB
A65: 45615 | B65: Monterrey | C65: Laptop-Ultraliviana-4GB | D65: 1077.1 | E65: 5 | F65: 5385.5 | G65: Sr(a). Mario Cort√©s | H65: oliviacarmona@magana.net | I65: 9b5f5828-58aa-4107-b467-e223f64cae41 | K65: =IFERROR(__xludf.DUMMYFUNCTION("IF(ISBLANK(A65), """", IF(ISNUMBER(A65), TEXT(A65,""dd/mm/yyyy""), IF( REGEXMATCH(TRIM(A65),""^\d{1,2}/\d{1,2}/\d{4}$""), TRIM(A65), IFERROR( TEXT(DATEVALUE(SUBSTITUTE(SUBSTITUTE(TRIM(A65),""-"",""/""),""."",""/"")),"&"""dd/mm/yyyy""), TRIM(A65) ) ) ) ) "),"19/11/2024") -> 19/11/2024 | L65: 45615 | M65: =IFERROR(__xludf.DUMMYFUNCTION("PROPER(TRIM( REGEXREPLACE( REGEXREPLACE( SUBSTITUTE(SUBSTITUTE(SUBSTITUTE(SUBSTITUTE(SUBSTITUTE(SUBSTITUTE(SUBSTITUTE(SUBSTITUTE(SUBSTITUTE(SUBSTITUTE(SUBSTITUTE( B65,""√©"",""é""),""√°"",""á""),""√±"",""ñ""),""√≥"",""ó""),""√â"",""é"""&"),""√Å"",""á""),""√ç"",""í""),""√Ç"",""Í""),""√Â"",""é""),""√≠"",""í""),""√º"",""ú""), ""[,\\.√]"",""""), ""\\s+"","" "") )) "),"Monterrey") -> Monterrey | N65: =IFERROR(__xludf.DUMMYFUNCTION("SPLIT( TRIM( SUBSTITUTE( SUBSTITUTE( SUBSTITUTE( SUBSTITUTE( C65, ""√©"", ""é"" ), ""√±"", ""ñ"" ), ""√°"", ""á"" ), ""√≥"", ""ó"" ) ), ""-"" ) "),"Laptop") -> Laptop | O65: =IFERROR(__xludf.DUMMYFUNCTION("""COMPUTED_VALUE"""),"Ultraliviana") -> Ultraliviana | P65: =IFERROR(__xludf.DUMMYFUNCTION("""COMPUTED_VALUE"""),"4GB") -> 4GB | Q65: =IF(ISBLANK(D65),"0",D65) -> 1077.1 | R65: =IF(ISBLANK(E65),"Sin datos",E65) -> 5 | S65: =IF(ISBLANK(F65),"0",F65) -> 5385.5 | T65: =IFERROR(__xludf.DUMMYFUNCTION("PROPER(TRIM( LET( texto1, REGEXREPLACE(G65, ""(?i)\b(DR\.?|SRA?\.?|\(A\)|MTRO\.?|LIC\.?|ING\.?)\b"", """"), texto2, REGEXREPLACE(texto1, ""√©|√â|√Â"", ""é""), texto3, REGEXREPLACE(texto2, ""√°|√Å"", ""á""), texto4, REGEXREPLACE(texto3, "&"""√±"", ""ñ""), texto5, REGEXREPLACE(texto4, ""√≥"", ""ó""), texto6, REGEXREPLACE(texto5, ""√ç|√≠|√Ç"", ""í""), texto7, REGEXREPLACE(texto6, ""√º"", ""ú""), texto8, REGEXREPLACE(texto7, ""[^A-Za-zÁÉÍÓÚÜÑáéíóúüñ\s]"", """"), texto9, REG"&"EXREPLACE(texto8, ""^[A-Za-zÁÉÍÓÚÜÑáéíóúüñ]\s+"", """"), texto10, IF(REGEXMATCH(texto9, ""(?i)^\s*Jos\s*$""), ""José"", texto9), texto11, REGEXREPLACE(texto10, ""(?i)(eé|ée|ee|éé)+"", ""é""), texto12, REGEXREPLACE(texto11, ""(?i)(aá|áa|aa|áá)+"&""", ""á""), texto13, REGEXREPLACE(texto12, ""(?i)(ií|íi|ii|íí)+"", ""í""), texto14, REGEXREPLACE(texto13, ""(?i)(oó|óo|oo|óó)+"", ""ó""), texto15, REGEXREPLACE(texto14, ""(?i)(uú|úu|uu|úú)+"", ""ú""), texto16, REGEXREPLACE(texto15, ""\s{2,"&"}"", "" ""), texto16 ) )) "),"Mario Cortés") -> Mario Cortés | U65: =I65 -> 9b5f5828-58aa-4107-b467-e223f64cae41 | V65: =CONCATENATE(N65," ",O65," ",P65) -> Laptop Ultraliviana 4GB
A66: 21/11/2024 | B66: Ciudad de M√©xico | C66: Laptop-Oficina-4GB | D66: 2297.78 | E66: 4 | F66: 9191.12 | G66: Delia Rosario | H66: guruleserafin@industrias.biz | I66: a23fb156-d7f0-48b3-8429-51722fc91010 | K66: =IFERROR(__xludf.DUMMYFUNCTION("IF(ISBLANK(A66), """", IF(ISNUMBER(A66), TEXT(A66,""dd/mm/yyyy""), IF( REGEXMATCH(TRIM(A66),""^\d{1,2}/\d{1,2}/\d{4}$""), TRIM(A66), IFERROR( TEXT(DATEVALUE(SUBSTITUTE(SUBSTITUTE(TRIM(A66),""-"",""/""),""."",""/"")),"&"""dd/mm/yyyy""), TRIM(A66) ) ) ) ) "),"21/11/2024") -> 21/11/2024 | L66: 45617 | M66: =IFERROR(__xludf.DUMMYFUNCTION("PROPER(TRIM( REGEXREPLACE( REGEXREPLACE( SUBSTITUTE(SUBSTITUTE(SUBSTITUTE(SUBSTITUTE(SUBSTITUTE(SUBSTITUTE(SUBSTITUTE(SUBSTITUTE(SUBSTITUTE(SUBSTITUTE(SUBSTITUTE( B66,""√©"",""é""),""√°"",""á""),""√±"",""ñ""),""√≥"",""ó""),""√â"",""é"""&"),""√Å"",""á""),""√ç"",""í""),""√Ç"",""Í""),""√Â"",""é""),""√≠"",""í""),""√º"",""ú""), ""[,\\.√]"",""""), ""\\s+"","" "") )) "),"Ciudad De México") -> Ciudad De México | N66: =IFERROR(__xludf.DUMMYFUNCTION("SPLIT( TRIM( SUBSTITUTE( SUBSTITUTE( SUBSTITUTE( SUBSTITUTE( C66, ""√©"", ""é"" ), ""√±"", ""ñ"" ), ""√°"", ""á"" ), ""√≥"", ""ó"" ) ), ""-"" ) "),"Laptop") -> Laptop | O66: =IFERROR(__xludf.DUMMYFUNCTION("""COMPUTED_VALUE"""),"Oficina") -> Oficina | P66: =IFERROR(__xludf.DUMMYFUNCTION("""COMPUTED_VALUE"""),"4GB") -> 4GB | Q66: =IF(ISBLANK(D66),"0",D66) -> 2297.78 | R66: =IF(ISBLANK(E66),"Sin datos",E66) -> 4 | S66: =IF(ISBLANK(F66),"0",F66) -> 9191.12 | T66: =IFERROR(__xludf.DUMMYFUNCTION("PROPER(TRIM( LET( texto1, REGEXREPLACE(G66, ""(?i)\b(DR\.?|SRA?\.?|\(A\)|MTRO\.?|LIC\.?|ING\.?)\b"", """"), texto2, REGEXREPLACE(texto1, ""√©|√â|√Â"", ""é""), texto3, REGEXREPLACE(texto2, ""√°|√Å"", ""á""), texto4, REGEXREPLACE(texto3, "&"""√±"", ""ñ""), texto5, REGEXREPLACE(texto4, ""√≥"", ""ó""), texto6, REGEXREPLACE(texto5, ""√ç|√≠|√Ç"", ""í""), texto7, REGEXREPLACE(texto6, ""√º"", ""ú""), texto8, REGEXREPLACE(texto7, ""[^A-Za-zÁÉÍÓÚÜÑáéíóúüñ\s]"", """"), texto9, REG"&"EXREPLACE(texto8, ""^[A-Za-zÁÉÍÓÚÜÑáéíóúüñ]\s+"", """"), texto10, IF(REGEXMATCH(texto9, ""(?i)^\s*Jos\s*$""), ""José"", texto9), texto11, REGEXREPLACE(texto10, ""(?i)(eé|ée|ee|éé)+"", ""é""), texto12, REGEXREPLACE(texto11, ""(?i)(aá|áa|aa|áá)+"&""", ""á""), texto13, REGEXREPLACE(texto12, ""(?i)(ií|íi|ii|íí)+"", ""í""), texto14, REGEXREPLACE(texto13, ""(?i)(oó|óo|oo|óó)+"", ""ó""), texto15, REGEXREPLACE(texto14, ""(?i)(uú|úu|uu|úú)+"", ""ú""), texto16, REGEXREPLACE(texto15, ""\s{2,"&"}"", "" ""), texto16 ) )) "),"Delia Rosario") -> Delia Rosario | U66: =I66 -> a23fb156-d7f0-48b3-8429-51722fc91010 | V66: =CONCATENATE(N66," ",O66," ",P66) -> Laptop Oficina 4GB
A67: 45603 | B67: Ciudad de M√©xico | C67: Tablet-Estándar-4GB | D67: 127.95 | E67: 4 | F67: 511.8 | G67: Citlali Jorge Gast√©lum | H67: patricia75@corporacin.com | I67: b7d845eb-4a64-4099-a793-3f93363ea49e | K67: =IFERROR(__xludf.DUMMYFUNCTION("IF(ISBLANK(A67), """", IF(ISNUMBER(A67), TEXT(A67,""dd/mm/yyyy""), IF( REGEXMATCH(TRIM(A67),""^\d{1,2}/\d{1,2}/\d{4}$""), TRIM(A67), IFERROR( TEXT(DATEVALUE(SUBSTITUTE(SUBSTITUTE(TRIM(A67),""-"",""/""),""."",""/"")),"&"""dd/mm/yyyy""), TRIM(A67) ) ) ) ) "),"07/11/2024") -> 07/11/2024 | L67: 45603 | M67: =IFERROR(__xludf.DUMMYFUNCTION("PROPER(TRIM( REGEXREPLACE( REGEXREPLACE( SUBSTITUTE(SUBSTITUTE(SUBSTITUTE(SUBSTITUTE(SUBSTITUTE(SUBSTITUTE(SUBSTITUTE(SUBSTITUTE(SUBSTITUTE(SUBSTITUTE(SUBSTITUTE( B67,""√©"",""é""),""√°"",""á""),""√±"",""ñ""),""√≥"",""ó""),""√â"",""é"""&"),""√Å"",""á""),""√ç"",""í""),""√Ç"",""Í""),""√Â"",""é""),""√≠"",""í""),""√º"",""ú""), ""[,\\.√]"",""""), ""\\s+"","" "") )) "),"Ciudad De México") -> Ciudad De México | N67: =IFERROR(__xludf.DUMMYFUNCTION("SPLIT( TRIM( SUBSTITUTE( SUBSTITUTE( SUBSTITUTE( SUBSTITUTE( C67, ""√©"", ""é"" ), ""√±"", ""ñ"" ), ""√°"", ""á"" ), ""√≥"", ""ó"" ) ), ""-"" ) "),"Tablet") -> Tablet | O67: =IFERROR(__xludf.DUMMYFUNCTION("""COMPUTED_VALUE"""),"Estándar") -> Estándar | P67: =IFERROR(__xludf.DUMMYFUNCTION("""COMPUTED_VALUE"""),"4GB") -> 4GB | Q67: =IF(ISBLANK(D67),"0",D67) -> 127.95 | R67: =IF(ISBLANK(E67),"Sin datos",E67) -> 4 | S67: =IF(ISBLANK(F67),"0",F67) -> 511.8 | T67: =IFERROR(__xludf.DUMMYFUNCTION("PROPER(TRIM( LET( texto1, REGEXREPLACE(G67, ""(?i)\b(DR\.?|SRA?\.?|\(A\)|MTRO\.?|LIC\.?|ING\.?)\b"", """"), texto2, REGEXREPLACE(texto1, ""√©|√â|√Â"", ""é""), texto3, REGEXREPLACE(texto2, ""√°|√Å"", ""á""), texto4, REGEXREPLACE(texto3, "&"""√±"", ""ñ""), texto5, REGEXREPLACE(texto4, ""√≥"", ""ó""), texto6, REGEXREPLACE(texto5, ""√ç|√≠|√Ç"", ""í""), texto7, REGEXREPLACE(texto6, ""√º"", ""ú""), texto8, REGEXREPLACE(texto7, ""[^A-Za-zÁÉÍÓÚÜÑáéíóúüñ\s]"", """"), texto9, REG"&"EXREPLACE(texto8, ""^[A-Za-zÁÉÍÓÚÜÑáéíóúüñ]\s+"", """"), texto10, IF(REGEXMATCH(texto9, ""(?i)^\s*Jos\s*$""), ""José"", texto9), texto11, REGEXREPLACE(texto10, ""(?i)(eé|ée|ee|éé)+"", ""é""), texto12, REGEXREPLACE(texto11, ""(?i)(aá|áa|aa|áá)+"&""", ""á""), texto13, REGEXREPLACE(texto12, ""(?i)(ií|íi|ii|íí)+"", ""í""), texto14, REGEXREPLACE(texto13, ""(?i)(oó|óo|oo|óó)+"", ""ó""), texto15, REGEXREPLACE(texto14, ""(?i)(uú|úu|uu|úú)+"", ""ú""), texto16, REGEXREPLACE(texto15, ""\s{2,"&"}"", "" ""), texto16 ) )) "),"Citlali Jorge Gastélum") -> Citlali Jorge Gastélum | U67: =I67 -> b7d845eb-4a64-4099-a793-3f93363ea49e | V67: =CONCATENATE(N67," ",O67," ",P67) -> Tablet Estándar 4GB
